-- MySQL dump 10.14  Distrib 5.5.60-MariaDB, for Linux (x86_64)
--
-- Host: localhost    Database: iremote
-- ------------------------------------------------------
-- Server version	5.5.60-MariaDB

/*!40101 SET @OLD_CHARACTER_SET_CLIENT=@@CHARACTER_SET_CLIENT */;
/*!40101 SET @OLD_CHARACTER_SET_RESULTS=@@CHARACTER_SET_RESULTS */;
/*!40101 SET @OLD_COLLATION_CONNECTION=@@COLLATION_CONNECTION */;
/*!40101 SET NAMES utf8 */;
/*!40103 SET @OLD_TIME_ZONE=@@TIME_ZONE */;
/*!40103 SET TIME_ZONE='+00:00' */;
/*!40014 SET @OLD_UNIQUE_CHECKS=@@UNIQUE_CHECKS, UNIQUE_CHECKS=0 */;
/*!40014 SET @OLD_FOREIGN_KEY_CHECKS=@@FOREIGN_KEY_CHECKS, FOREIGN_KEY_CHECKS=0 */;
/*!40101 SET @OLD_SQL_MODE=@@SQL_MODE, SQL_MODE='NO_AUTO_VALUE_ON_ZERO' */;
/*!40111 SET @OLD_SQL_NOTES=@@SQL_NOTES, SQL_NOTES=0 */;

--
-- Table structure for table `msg_contenttemplate`
--

DROP TABLE IF EXISTS `msg_contenttemplate`;
/*!40101 SET @saved_cs_client     = @@character_set_client */;
/*!40101 SET character_set_client = utf8 */;
CREATE TABLE `msg_contenttemplate` (
  `msgcontenttemplateid` int(9) NOT NULL AUTO_INCREMENT,
  `platform` int(9) NOT NULL,
  `msgeventtypeid` int(9) NOT NULL,
  `eventcode` varchar(128) NOT NULL,
  `language` varchar(16) NOT NULL,
  `type` int(9) NOT NULL,
  `contenttemplate` varchar(4098) NOT NULL,
  `createtime` datetime NOT NULL,
  `lastupdatetime` datetime NOT NULL,
  PRIMARY KEY (`msgcontenttemplateid`)
) ENGINE=InnoDB AUTO_INCREMENT=318 DEFAULT CHARSET=utf8;
/*!40101 SET character_set_client = @saved_cs_client */;

--
-- Dumping data for table `msg_contenttemplate`
--

LOCK TABLES `msg_contenttemplate` WRITE;
/*!40000 ALTER TABLE `msg_contenttemplate` DISABLE KEYS */;
INSERT INTO `msg_contenttemplate` VALUES (5,0,18,'phoneuserrandcode','zh_CN',2,'您的验证码为${randcode}，请于120秒内输入，请勿向他人泄漏验证码内容。','2018-12-17 15:23:33','2018-12-17 15:27:16'),(6,0,18,'phoneuserrandcode','en_US',2,'Your verification code is ${randcode}. Enter code within 120 seconds. Do not disclose the verification.','2018-12-17 15:34:12','2018-12-17 15:34:12'),(7,0,18,'phoneuserrandcode','ch_HK',2,'您的驗證碼為${randcode}，請於120秒內輸入，請勿向他人洩露驗證碼內容。','2018-12-17 15:34:52','2018-12-17 15:34:52'),(8,0,18,'phoneuserrandcode','fr_CA',2,'Votre code de vérification est${randcode},S\'il vous plaît entrer dans les 120 secondes. S\'il vous plaît ne pas révéler le contenu du code de vérification à d\'autres.','2018-12-17 15:35:33','2018-12-17 15:35:33'),(9,0,18,'phoneuserrandcode','vi_VN',2,'Mã xác minh của bạn là ${randcode}, vui lòng nhập mã xác minh trong vòng 120 giây ，không tiết lộ mã xác minh cho người khác.','2018-12-17 15:36:24','2018-12-17 15:36:24'),(10,0,19,'mailuserrandcode','zh_CN',3,'邮箱注册','2018-12-17 15:45:44','2018-12-17 15:45:44'),(11,0,19,'mailuserrandcode','zh_CN',4,'<a href=\'${url}/iremote/mailuser/enableduser?${value}\'>点击这里</a> 激活账号，24小时生效，否则重新验证，请尽快激活！<br>','2018-12-17 15:46:30','2018-12-17 15:46:30'),(12,0,19,'mailuserrandcode','en_US',3,'Mail Regist','2018-12-17 15:56:35','2018-12-17 15:56:35'),(13,0,19,'mailuserrandcode','ch_HK',3,'郵箱註冊','2018-12-17 15:57:50','2018-12-17 15:57:50'),(14,0,19,'mailuserrandcode','fr_CA',3,'Enregistrement par email','2018-12-17 15:58:31','2018-12-17 15:58:31'),(15,0,19,'mailuserrandcode','vi_VN',3,'Đăng ký email','2018-12-17 15:58:50','2018-12-17 15:58:50'),(16,0,19,'mailuserrandcode','en_US',4,'<a href=\\\'${url}/iremote/mailuser/enableduser?${value}\\\'>click here</a> Activate account, effective 24 hours, otherwise revalidate, please activate as soon as possible！<br>','2018-12-17 16:01:08','2018-12-17 16:01:08'),(17,0,19,'mailuserrandcode','vi_VN',4,'<a href=\\\'${url}/iremote/mailuser/enableduser?${value}\\\'>click vào đây </a>, kích hoạt tài khoản, có hiệu lực trong 24h, nếu không phải xác minh lại, hãy nhanh chóng kích hoạt','2018-12-17 16:01:55','2018-12-17 16:04:54'),(18,0,19,'mailuserrandcode','fr_CA',4,'<a href=\\\'${url}/iremote/mailuser/enableduser?${value}\\\'>Cliquer ici </a> Activater le compte, Efficace dans 24 heures, Sinon revalider ,Veuillez activer le plus rapidement possible!<br>','2018-12-17 16:02:48','2018-12-17 16:02:48'),(19,0,20,'mailresetpassword','zh_CN',3,'密码找回','2018-12-17 16:07:08','2018-12-17 16:07:08'),(20,0,20,'mailresetpassword','en_US',3,'Reset Password','2018-12-17 16:07:35','2018-12-17 16:07:35'),(21,0,20,'mailresetpassword','fr_CA',3,'Récupérer le mot de passe','2018-12-17 16:08:01','2018-12-17 16:08:01'),(22,0,20,'mailresetpassword','ch_HK',3,'密碼找回','2018-12-17 16:08:21','2018-12-17 16:08:21'),(23,0,20,'mailresetpassword','vi_VN',3,'Tìm lại mật khẩu','2018-12-17 16:08:47','2018-12-17 16:08:47'),(24,0,20,'mailresetpassword','zh_CN',4,'<a href=\'${url}/iremote/mailuser/resetpasswordpage?${value}\'>点击这里</a> 找回密码，24小时生效，否则重新验证！<br>','2018-12-17 16:09:43','2018-12-17 16:09:43'),(25,0,20,'mailresetpassword','en_US',4,'<a href=\\\'${url}/iremote/mailuser/resetpasswordpage?${value}\\\'>Click Here</a> to reset your password;The link expires in 24 hours.<br>','2018-12-17 16:10:29','2018-12-17 16:10:29'),(27,0,20,'mailresetpassword','ch_HK',4,'<a href=\\\'${url}/iremote/mailuser/resetpasswordpage?${value}\\\'>點擊這裡</a> 找回密碼，24小時生效，否則重新驗證！<br>','2018-12-17 16:12:43','2018-12-17 16:12:43'),(28,0,20,'mailresetpassword','vi_VN',4,'<a href=\\\'${url}/iremote/mailuser/resetpasswordpage?${value}\\\'>click vào đây</a> tìm lại mật khẩu, có hiệu lực trong 24h, nếu không sẽ phải xác minh lại!','2018-12-17 16:13:27','2018-12-17 16:13:27'),(31,0,26,'remoteoffline','zh_CN',2,'你的${gateway.name}已经离线，请检查是否故障。','2018-12-17 18:25:57','2018-12-17 18:25:57'),(32,0,26,'remoteoffline','zh_CN',3,'网关${ gateway.name}离线告警','2018-12-17 18:26:16','2018-12-17 18:26:16'),(33,0,26,'remoteoffline','zh_CN',4,'您的网关${gateway.name}已经离线，这将影响您的使用，请检查网关的电源，网络是否正常，网关本身是否发生故障。 ','2018-12-17 18:26:33','2018-12-17 18:26:33'),(34,0,26,'remoteoffline','en_US',2,'Your ${name} is offline, please check if there is anything wrong.','2018-12-17 18:31:06','2018-12-17 18:31:06'),(35,0,26,'remoteoffline','fr_CA',2,'Votre${name}A été réinitialisé, S\'il vous plaît soyez prudent à la maison.','2018-12-17 18:31:33','2018-12-17 18:32:10'),(36,0,26,'remoteoffline','ch_HK',2,'你的${name}已經離線，請檢查是否故障。','2018-12-17 18:32:35','2018-12-17 18:32:35'),(37,0,26,'remoteoffline','vi_VN',2,'Của bạn${name}đã ngoại tuyến, vui lòng kiểm tra có sự cố  nào không.','2018-12-17 18:32:54','2018-12-17 18:32:54'),(38,0,28,'iremoteownerchanged','zh_CN',2,'您的${name}已经被人重新设置，请注意居家安全。','2018-12-17 18:38:27','2018-12-17 18:38:27'),(39,0,28,'iremoteownerchanged','zh_CN',3,'网关${gateway.name}重置告警','2018-12-17 18:39:06','2018-12-17 18:39:06'),(40,0,28,'iremoteownerchanged','zh_CN',4,'您的网关${gateway.name}已经被人重置，您将无法再控制该网关下的设备，无法接收到该网关下设备的告警，请检查该网关是否遗失或被盗，请检查是否有人进入您的房间。','2018-12-17 18:39:25','2018-12-17 18:39:25'),(41,0,28,'iremoteownerchanged','en_US',2,'Your ${name} has been reset. If you did not carry out the reset, exercise caution.','2018-12-17 18:40:22','2018-12-17 18:40:22'),(42,0,28,'iremoteownerchanged','fr_CA',2,'Votre${name}A été réinitialisé,S\\\'il vous plaît prêter attention à la sécurité à la maison','2018-12-17 18:43:47','2018-12-17 18:43:47'),(43,0,28,'iremoteownerchanged','ch_HK',2,'您的${name}已經被人重新設置，請注意居家安全。','2018-12-17 18:44:23','2018-12-17 18:44:23'),(44,0,28,'iremoteownerchanged','vi_VN',2,'Của bạn${name}đã bị người khác thiết lập lại, vui lòng chú ý sự an toàn cho gia đình bạn.','2018-12-17 18:44:46','2018-12-17 18:44:46'),(45,0,31,'remotepowertype','zh_CN',2,'您的网关${gateway.name}已经切换为电池供电模式，请注意居家安全。','2018-12-17 18:46:43','2018-12-17 18:46:43'),(46,0,31,'remotepowertype','zh_CN',3,'网关${gateway.name}已切换为电池供电模式','2018-12-17 18:46:57','2018-12-17 18:46:57'),(47,0,31,'remotepowertype','zh_CN',4,'您的网关${gateway.name}已经切换为电池供电模式，请注意居家安全。','2018-12-17 18:47:14','2018-12-17 18:47:14'),(48,0,45,'lockdoorbellring','zh_CN',2,'有客人在${time}按响了您${zwavedevice.name}的门铃，请在开门前确认来客身份，注意居家安全。','2018-12-17 19:27:39','2018-12-19 10:21:50'),(49,0,45,'lockdoorbellring','zh_CN',3,'${zwavedevice.name}门铃响了','2018-12-17 19:27:57','2018-12-18 19:26:43'),(50,0,45,'lockdoorbellring','zh_CN',4,'有客人在${time}按响了您${zwavedevice.name}的门铃，请在开门前确认来客身份，注意居家安全。','2018-12-17 19:28:10','2018-12-19 10:22:04'),(51,0,45,'lockdoorbellring','en_US',2,'Someone at ${time} is ringing your ${name} doorbell. Confirm vistor identity before opening the door. Exercise caution.','2018-12-17 19:29:23','2018-12-17 19:29:23'),(52,0,45,'lockdoorbellring','ch_HK',2,'有客人在${time}按響了您${zwavedevice.name}的門鈴，請在開門前確認來客身份，注意居家安全。','2018-12-17 19:30:57','2018-12-18 19:25:05'),(53,0,45,'lockdoorbellring','vi_VN',2,'Có khách đang ${time}bấm chuông cửa${name}của bạn, vui lòng xác nhận thân phận của khách, chú ý sự an toàn của gia đình bạn.','2018-12-17 19:31:22','2018-12-17 19:31:22'),(54,0,46,'poweroverload','zh_CN',2,'您的设备${name}，发出了电流过载报警，请注意居家安全','2018-12-17 19:33:24','2018-12-17 19:33:24'),(55,0,46,'poweroverload','zh_CN',3,'${name}电流过载报警','2018-12-17 19:33:37','2018-12-17 19:33:37'),(56,0,46,'poweroverload','zh_CN',4,'您的设备${name}，发出了电流过载报警，请注意居家安全','2018-12-17 19:33:51','2018-12-17 19:33:51'),(57,0,46,'poweroverload','en_US',2,'${name} were over loaded, Please Caution.','2018-12-17 19:41:16','2018-12-17 19:41:16'),(58,0,46,'poweroverload','fr_CA',2,'${name} were over loaded, Please Caution.','2018-12-17 19:42:46','2018-12-17 19:42:46'),(59,0,46,'poweroverload','ch_HK',2,'您的設備${name}，發出了電流過載報警，請注意居家安全！','2018-12-17 19:43:10','2018-12-17 19:45:34'),(60,0,46,'poweroverload','vi_VN',2,'${name} were over loaded, Please Caution.','2018-12-17 19:44:27','2018-12-17 19:44:27'),(61,0,56,'cameradectectmove','zh_CN',3,'${name}检查到物体移动','2018-12-17 19:47:55','2018-12-17 19:47:55'),(62,0,56,'cameradectectmove','zh_CN',4,'你的摄像头${name}，检查到物体移动，这可能是有人进入了该摄像头的感应范围，请注意居家安全。','2018-12-17 19:48:13','2018-12-17 19:48:13'),(63,0,56,'cameradectectmove','zh_CN',2,'你的摄像头${name}，检查到物体移动，请注意居家安全。','2018-12-17 19:48:30','2018-12-17 19:48:30'),(64,0,56,'cameradectectmove','en_US',2,'Your camera ${name}, check the object to move, please pay attention to home security.','2018-12-17 19:48:53','2018-12-17 19:48:53'),(65,0,56,'cameradectectmove','fr_CA',2,'Votre caméra${name}, Cochez pour déplacer l\\\'objet','2018-12-17 19:49:20','2018-12-17 19:49:20'),(66,0,56,'cameradectectmove','ch_HK',2,'你的錄影鏡頭${name},檢查到物體移動，請注意居家安全。','2018-12-17 19:49:57','2018-12-17 19:49:57'),(67,0,56,'cameradectectmove','vi_VN',2,'Camera quay phim của bạn${name},phát hiện có vật thể di chuyển, vui lòng chú ý đến sự an toàn của gia đình bạn.','2018-12-17 19:50:23','2018-12-17 19:50:23'),(68,0,83,'smoke','zh_CN',3,'${name}烟雾告警','2018-12-17 20:05:48','2018-12-17 20:05:48'),(69,0,83,'smoke','zh_CN',4,'您的设备${name}，检查到可疑烟雾，请注意居家安全。','2018-12-17 20:06:03','2018-12-17 20:06:03'),(70,0,83,'smoke','zh_CN',2,'您的设备${name}，检查到可疑烟雾，请注意居家安全。','2018-12-17 20:06:18','2018-12-17 20:06:18'),(71,0,83,'smoke','en_US',2,'Your device ${name} has detected smoke. Exercise caution. ','2018-12-17 20:20:23','2018-12-17 20:20:23'),(72,0,83,'smoke','fr_CA',2,'Votre appareil${name},Vérifiez la présence de fumée suspecte, s\\\'il vous plaît prêter attention à la sécurité à la maison','2018-12-17 20:21:23','2018-12-17 20:21:23'),(73,0,83,'smoke','ch_HK',2,'你的設備${name},檢查到可疑煙霧，請注意居家安全。','2018-12-17 20:21:50','2018-12-17 20:21:50'),(74,0,83,'smoke','vi_VN',2,'Thiết bị của bạn${name},phát hiện có khói bất thường, vui lòng chú ý đến sự an toàn của gia đình bạn.','2018-12-17 20:23:10','2018-12-17 20:23:10'),(78,0,97,'malfunction','zh_CN',3,'${name}故障告警','2018-12-18 09:11:25','2018-12-18 09:11:25'),(79,0,97,'malfunction','zh_CN',4,'检测到您的设备${name}已经故障，您将无法操作该设备，也无法收到该设备的报告，请尽快排除故障。','2018-12-18 09:11:40','2018-12-18 09:11:40'),(80,0,97,'malfunction','zh_CN',2,'您的设备${name},可能发生故障，请尽快检查。','2018-12-18 09:11:56','2018-12-18 09:11:56'),(81,0,97,'malfunction','ch_HK',2,'你的設備${name},可能發生故障，請儘快檢查。','2018-12-18 09:15:11','2018-12-18 09:15:11'),(82,0,97,'malfunction','en_US',2,'There may be something wrong with your device ${name}. Inspect as soon as possible.','2018-12-18 09:15:33','2018-12-18 09:15:33'),(83,0,97,'malfunction','fr_CA',2,'Votre appareil${name}Échec possible,S\\\'il vous plaît vérifier dès que possible','2018-12-18 09:15:57','2018-12-18 09:15:57'),(84,0,97,'malfunction','vi_VN',2,'Thiết bị của bạn${name},có thể đã sảy ra sự cố, vui lòng kiểm tra.','2018-12-18 09:16:15','2018-12-18 09:16:15'),(85,0,84,'waterleak','zh_CN',2,'你的设备${name},检查到漏水事件，请注意居家安全。','2018-12-18 09:17:29','2018-12-18 09:17:29'),(86,0,84,'waterleak','ch_HK',2,'你的設備${name},檢查到漏水事件，請注意居家安全。','2018-12-18 09:17:53','2018-12-18 09:17:53'),(87,0,84,'waterleak','en_US',2,'Your device ${name} has detected water leakage. Check water system.','2018-12-18 09:18:13','2018-12-18 09:18:13'),(88,0,84,'waterleak','fr_CA',2,'Votre appareil${name},Vérifier les fuites, S\\\'il vous plaît soyez prudent à la maison.','2018-12-18 09:18:33','2018-12-18 09:18:33'),(89,0,84,'waterleak','vi_VN',2,'Thiết bị của bạn${name},phát hiện nước bị rò rỉ, vui lòng chú ý đến sự an toàn của gia đình bạn.','2018-12-18 09:18:55','2018-12-18 09:18:55'),(90,0,85,'gasleak','zh_CN',2,'你的设备${name},检查到煤气泄漏，请注意居家安全。','2018-12-18 09:20:52','2018-12-18 09:20:52'),(91,0,85,'gasleak','ch_HK',2,'你的設備${name},檢查到煤氣洩漏，請注意居家安全。','2018-12-18 09:21:29','2018-12-18 09:21:29'),(92,0,85,'gasleak','en_US',2,'Your device ${name} has detected a gas leakage. Exercise caution.','2018-12-18 09:22:08','2018-12-18 09:22:08'),(93,0,85,'gasleak','fr_CA',2,'Votre appareil,${name} Vérifier la fuite de gaz, S\\\'il vous plaît prêter attention à la sécurité à la maison','2018-12-18 09:22:48','2018-12-18 09:22:48'),(94,0,85,'gasleak','vi_VN',2,'Thiết bị của bạn${name},phát hiện khí gas bị rò rỉ, vui lòng chú ý đến sự an toàn của gia đình bạn.','2018-12-18 09:23:12','2018-12-18 09:23:12'),(95,0,86,'tampleralarm','zh_CN',2,'您的设备${name},正在被拆卸，请注意居家安全。','2018-12-18 09:24:29','2018-12-18 09:24:29'),(96,0,86,'tampleralarm','ch_HK',2,'您的設備${name},正在被拆卸，請注意居家安全。','2018-12-18 09:24:47','2018-12-18 09:24:47'),(97,0,86,'tampleralarm','en_US',2,'Your device ${name} has been disconnected. Exercise caution.','2018-12-18 09:25:16','2018-12-18 09:25:16'),(98,0,86,'tampleralarm','fr_CA',2,'Votre appareil${name},Être démonté, S\\\'il vous plaît prêter attention à la sécurité à la maison','2018-12-18 09:25:43','2018-12-18 09:25:43'),(99,0,86,'tampleralarm','vi_VN',2,'Thiết bị của bạn${name},đang bị gỡ bỏ, vui lòng chú ý đến sự an toàn của gia đình bạn.','2018-12-18 09:26:05','2018-12-18 09:26:05'),(100,0,87,'sos','zh_CN',2,'您的设备${name},发出SOS告警，请立即确认家人安全。','2018-12-18 09:27:16','2018-12-18 09:27:16'),(101,0,87,'sos','ch_HK',2,'您的設備${name},發出SOS告警，請立即確認家人安全。','2018-12-18 09:30:06','2018-12-18 09:30:06'),(102,0,87,'sos','vi_VN',2,'Thiết bị của bạn${name},phát ra lời cảnh báo SOS, vui lòng đảm xác nhận sự an toàn của các thành viên trong gia đình bạn.','2018-12-18 09:30:39','2018-12-18 09:30:39'),(103,0,87,'sos','en_US',2,'Your ${name} sent an SOS alert. Check on SOS sender ASAP.','2018-12-18 09:31:15','2018-12-18 09:31:15'),(104,0,87,'sos','fr_CA',2,'Votre appareil${name},Émettre une alarme SOS, S\\\'il vous plaît confirmer la sécurité de la famille immédiatement','2018-12-18 09:33:21','2018-12-18 09:33:21'),(105,0,88,'dooropen','zh_CN',2,'你的设备${name},检查到门被打开，请注意居家安全。','2018-12-18 09:36:21','2018-12-18 09:36:21'),(106,0,88,'dooropen','fr_CA',2,'Votre appareil${name},Vérifiez que la porte est ouverte,S\\\'il vous plaît prêter attention à la sécurité à la maison','2018-12-18 09:37:25','2018-12-18 09:37:25'),(107,0,88,'dooropen','ch_HK',2,'你的設備${name},檢查到門被打開，請注意居家安全。','2018-12-18 09:37:49','2018-12-18 09:37:49'),(108,0,88,'dooropen','vi_VN',2,'Thiết bị của bạn${name},phát hiện khoá đã được mở, vui lòng chú ý đến sự an toàn của gia đình bạn.','2018-12-18 09:38:16','2018-12-18 09:38:16'),(109,0,88,'dooropen','en_US',2,'Your device ${name} has detected a door is open. Exercise caution.','2018-12-18 09:38:41','2018-12-18 09:38:41'),(110,0,89,'doorlockopen','zh_CN',2,'您的门锁${name},已经被打开，请注意居家安全。','2018-12-18 09:40:10','2018-12-18 09:40:10'),(111,0,89,'doorlockopen','fr_CA',2,'Votre serrure de porte${name},a été ouvert，S\\\'il vous plaît prêter attention à la sécurité à la maison','2018-12-18 09:40:35','2018-12-18 09:40:35'),(112,0,89,'doorlockopen','ch_HK',2,'您的門鎖${name},已經被打開，請注意居家安全。','2018-12-18 09:40:52','2018-12-18 09:40:52'),(113,0,89,'doorlockopen','en_US',2,'${name} A door has been unlocked. Exercise caution.','2018-12-18 09:41:16','2018-12-18 09:41:16'),(114,0,89,'doorlockopen','vi_VN',2,'Khoá cửa của bạn${name}, đã được mở, vui lòng chú ý đến sự an toàn cho gia đình của bạn.','2018-12-18 09:42:07','2018-12-18 09:42:07'),(115,0,90,'passworderror5times','zh_CN',2,'您的门锁${name},检测到连续多次非法的开门尝试，请注意居家安全。','2018-12-18 09:43:15','2018-12-18 09:43:15'),(116,0,90,'passworderror5times','en_US',2,'The incorrect access code for ${name} has been entered 5 times incorrectly. Exercise caution.','2018-12-18 09:43:45','2018-12-18 09:43:45'),(117,0,90,'passworderror5times','fr_CA',2,'Votre serrure de porte${name}Détection de plusieurs tentatives d\\\'ouverture illégale, S\\\'il vous plaît prêter attention à la sécurité à la maison','2018-12-18 09:44:15','2018-12-18 09:44:15'),(118,0,90,'passworderror5times','ch_HK',2,'您的門鎖${name},檢測到連續多次非法的開門嘗試，請注意居家安全。','2018-12-18 09:44:46','2018-12-18 09:44:46'),(119,0,90,'passworderror5times','vi_VN',2,'Khoá cửa${name},5 lần nhập sai mật khẩu','2018-12-18 09:50:18','2018-12-18 09:50:18'),(120,0,91,'lockkeyerror','zh_CN',2,'您的门锁${name},检测到不匹配的钥匙插入，请注意居家安全。','2018-12-18 09:54:46','2018-12-18 09:54:46'),(121,0,91,'lockkeyerror','ch_HK',2,'您的門鎖${name},檢測到不匹配的鑰匙插入，請注意居家安全。','2018-12-18 09:55:05','2018-12-18 09:55:05'),(122,0,91,'lockkeyerror','en_US',2,'There has been an illegal key use for user name ${name}. Exercise caution.','2018-12-18 09:55:22','2018-12-18 09:55:22'),(123,0,91,'lockkeyerror','fr_CA',2,'Votre serrure de porte${name},Insertion de clé inégalée détectée，S\\\'il vous plaît prêter attention à la sécurité à la maison','2018-12-18 09:55:41','2018-12-18 09:55:41'),(124,0,91,'lockkeyerror','vi_VN',2,'Khoá cửa của bạn${name},phát hiện khoá được cắm không khớp，vui lòng chú ý sự an toàn của gia đình bạn.','2018-12-18 09:56:05','2018-12-18 09:56:05'),(125,0,92,'lockkeyevent','zh_CN',2,'您的门锁${name},检测到有人试图使用钥匙开门，请注意居家安全。','2018-12-18 09:58:11','2018-12-18 09:58:11'),(126,0,92,'lockkeyevent','ch_HK',2,'您的門鎖${name},檢測到有人試圖使用鑰匙開門，請注意居家安全。','2018-12-18 09:58:34','2018-12-18 09:58:34'),(127,0,92,'lockkeyevent','en_US',2,'Your device ${name} detects that someone want to unlock your door with a key, please be cautious about home safety.','2018-12-18 09:58:54','2018-12-18 09:58:54'),(128,0,92,'lockkeyevent','fr_CA',2,'Votre serrure de porte${name}Il a été détecté que quelqu\\\'un a essayé d\\\'ouvrir la porte avec une clé,S\\\'il vous plaît prêter attention à la sécurité à la maison','2018-12-18 09:59:23','2018-12-18 09:59:23'),(129,0,92,'lockkeyevent','vi_VN',2,'Khoá cửa của bạn${name},phát hiện có người cố tình dùng chìa khoá để mở cửa, vui lòng chú ý đến sự an toàn của gia đình bạn.','2018-12-18 09:59:43','2018-12-18 09:59:43'),(130,0,93,'locklockerror','zh_CN',2,'您的门锁${name},无法正常关闭，请注意居家安全。','2018-12-18 10:00:42','2018-12-18 10:00:42'),(131,0,93,'locklockerror','en_US',2,'your doorlock ${name} can\\\'t be closed properly, please pay attention to home safety.','2018-12-18 10:01:02','2018-12-18 10:01:02'),(132,0,93,'locklockerror','fr_CA',2,'Votre serrure de porte${name}Ne peut pas fermer correctement, s\\\'il vous plaît prêter attention à la sécurité à la maison','2018-12-18 10:01:24','2018-12-18 10:01:24'),(133,0,93,'locklockerror','ch_HK',2,'您的門鎖${name},無法正常關閉，請注意居家安全。','2018-12-18 10:01:40','2018-12-18 10:01:40'),(134,0,93,'locklockerror','vi_VN',2,'Khoá cửa của bạn${name},không thể đóng một cách bình thường, vui lòng chú ý đến sự an toàn cho gia đình bạn.','2018-12-18 10:02:07','2018-12-18 10:02:07'),(135,0,94,'bulliedopenlock','zh_CN',2,'您的家人${username},通过门锁${name}，发出了被胁迫告警，请注意居家安全。','2018-12-18 10:22:48','2018-12-18 10:22:48'),(136,0,94,'bulliedopenlock','ch_HK',2,'您的家人${username},通過門鎖${name}，發出了被威脅告警，請注意居家安全。','2018-12-18 10:23:09','2018-12-18 10:23:09'),(137,0,94,'bulliedopenlock','vi_VN',2,'Người nhà của bạn${username},thông qua khoá${name}, phát ra lời cảnh báo bị uy hiếp, vui lòng chú ý sự an toàn của gia đình bạn.','2018-12-18 10:23:29','2018-12-18 10:23:29'),(138,0,94,'bulliedopenlock','en_US',2,'Your door lock ${name} issued an alert. Exercise caution.','2018-12-18 10:23:58','2018-12-18 10:23:58'),(139,0,94,'bulliedopenlock','fr_CA',2,'Votre famille${username},À travers la serrure de la porte${name}, Émis un avertissement coercitif, s\\\'il vous plaît prêter attention à la sécurité à la maison.','2018-12-18 10:25:01','2018-12-18 10:25:01'),(140,0,95,'dscalarm','zh_CN',2,'您的设备${name}，发出告警，请注意居家安全','2018-12-18 10:26:23','2018-12-18 10:26:23'),(141,0,95,'dscalarm','en_US',2,'Your device ${name} issued a warning, please pay attention to home safety.','2018-12-18 10:26:37','2018-12-18 10:26:37'),(142,0,95,'dscalarm','fr_CA',2,'Votre appareil${name}Émettre une alarme, S\\\'il vous plaît prêter attention à la sécurité à la maison','2018-12-18 10:26:59','2018-12-18 10:26:59'),(143,0,95,'dscalarm','vi_VN',2,'Thiết bị của bạn${name}, phát cảnh báo, vui lòng chú ý đến sự an toàn của gia đình bạn','2018-12-18 10:27:22','2018-12-18 10:27:22'),(144,0,95,'dscalarm','ch_HK',2,'您的設備${name}，發出告警，請注意居家安全','2018-12-18 10:28:43','2018-12-18 10:28:43'),(145,0,96,'movein','zh_CN',2,'你的设备${name},检查到有人进入，请注意居家安全。','2018-12-18 10:39:39','2018-12-18 10:39:39'),(146,0,96,'movein','ch_HK',2,'你的設備${name},檢查到有人進入，請注意居家安全。','2018-12-18 10:40:01','2018-12-18 10:40:01'),(147,0,96,'movein','en_US',2,'Your device ${name} has detected someone is entering your premises. Exercise caution.','2018-12-18 10:40:23','2018-12-18 10:40:23'),(148,0,96,'movein','fr_CA',2,'Votre appareil${name}Cochez pour voir quelqu\\\'un entrer,S\\\'il vous plaît prêter attention à la sécurité à la maison','2018-12-18 10:40:55','2018-12-18 10:40:55'),(149,0,96,'movein','vi_VN',2,'Thiết bị của bạn${name},phát hiện có người vào nhà, vui lòng chú ý đến sự an toàn của gia đình bạn.','2018-12-18 10:41:16','2018-12-18 10:41:16'),(150,0,98,'lowbattery','zh_CN',2,'你的设备${name},电池即将耗尽，请尽快更换。','2018-12-18 10:42:44','2018-12-18 10:42:44'),(151,0,98,'lowbattery','ch_HK',2,'你的設備${name},電池即將耗盡，請儘快更換。','2018-12-18 10:43:01','2018-12-18 10:43:01'),(152,0,98,'lowbattery','en_US',2,'Your device ${name} battery power is low. Replace the battery as soon as possible.','2018-12-18 10:43:17','2018-12-18 10:43:17'),(153,0,98,'lowbattery','fr_CA',2,'Votre appareil${name}Détecté que la porte n\\\'est pas fermée,S\\\'il vous plaît remplacer dès que possible','2018-12-18 10:43:44','2018-12-18 10:43:44'),(154,0,98,'lowbattery','vi_VN',2,'Thiết bị của bạn${name},sắp hết pin, vui lòng thay pin.','2018-12-18 10:44:03','2018-12-18 10:44:03'),(155,0,124,'smsrunout','zh_CN',2,'本月已经给您发送了5条短信(不含本条)，达到短信月上限，本月内如有告警，将不再给您发送短信，请注意居家安全。','2018-12-18 10:53:51','2018-12-18 10:53:51'),(156,0,124,'smsrunout','fr_CA',2,'Ce mois-ci, nous vous avons envoyé 5 messages texte (à l\\\'exclusion de celui-ci), atteignant la limite mensuelle SMS.S\\\'il y a une alarme dans ce mois, vous ne recevrez plus de SMS.','2018-12-18 10:54:31','2018-12-18 10:54:31'),(157,0,124,'smsrunout','ch_HK',2,'本月已經給您發送了5條短信(不含本條)，達到短信月上限，本月內如有告警，將不再給您發送短信，請注意居家安全。','2018-12-18 10:54:45','2018-12-18 10:54:45'),(158,0,124,'smsrunout','vi_VN',2,'Trong tháng này đã gửi cho bạn 5 tin nhắn (không bao gồm tin nhắn này), đã đạt đến giới hạn tin nhắn của tháng, nếu trong tháng này có cảnh báo, sẽkhông gửi tin nhắn cho bạn nữa, vui lòng chú ý đến sự an toàn của gia đình bạn.','2018-12-18 10:56:15','2018-12-18 10:56:15'),(159,0,124,'smsrunout','en_US',2,'5 messages have been sent to you this month (excluding this message). You have reached the upper limit of sent messages. No more messages will be sent to notify you of the alarm this month.','2018-12-18 10:56:54','2018-12-18 10:56:54'),(160,0,24,'invation','zh_CN',2,'您的朋友${phonenumber},邀请您试用小白管家，下载地址：http://iremote.isurpass.com.cn/iremote/download.html','2018-12-18 10:59:47','2018-12-18 10:59:47'),(161,0,24,'invation','ch_HK',2,'您的朋友${phonenumber},邀請您試用智能系統，下載地址：http://iremote.isurpass.com.cn/iremote/download.html','2018-12-18 11:00:53','2018-12-18 11:00:53'),(162,0,24,'invation','vi_VN',2,'Bạn của bạn${phonenumber},mời bạn dùng thử hệ thống thông minh Meiju(quản gia Tiểu Bạch)，địa chỉ để tải về：http://iremote.isurpass.com.cn/iremote/download.html','2018-12-18 11:01:14','2018-12-18 11:01:14'),(163,0,24,'invation','en_US',2,'Your friend ${phonenumber} invites you to trial-use \\\"Smart Collie.\\\", and the download address is as below:http://iremote.isurpass.com.cn/iremote/download.html','2018-12-18 11:01:35','2018-12-18 11:01:35'),(164,0,126,'armsuccessdevicefailed','zh_CN',2,'设防成功，Z-wave 设备${pname}设防失败，注意居家安全。','2018-12-18 11:06:59','2018-12-20 09:17:27'),(165,0,126,'armsuccessdevicefailed','en_US',2,'Arm Success.Z-wave Devices ${pname} Arm Failure, please check if ther device is in place, pay attention to home safety.','2018-12-18 11:07:24','2018-12-20 09:17:20'),(166,0,126,'armsuccessdevicefailed','fr_CA',2,'Si la défense échoue, veuillez vérifier si l\\\'équipement ${pname} est en place et faites attention à la sécurité à la maison.','2018-12-18 11:07:41','2018-12-20 09:17:09'),(167,0,127,'partitionpasswordwrong','zh_CN',2,'门锁用户${username}联动撤防防区${partitionname}失败','2018-12-18 11:20:45','2018-12-18 11:20:45'),(168,0,127,'partitionpasswordwrong','en_US',2,'Door lock user ${username} disarm Partition ${partitionname} failed','2018-12-18 11:21:01','2018-12-18 11:21:01'),(169,0,127,'partitionpasswordwrong','fr_CA',2,'Les clients de la serrure ${username} ont démantelé la Partition ${partitionname}','2018-12-18 11:21:20','2018-12-18 11:21:20'),(170,0,20,'mailresetpassword','fr_CA',4,'<a href=\\\'${url}/iremote/mailuser/resetpasswordpage?${value}\\\'>Cliquer ici</a> Réinitialiser mot de passe, efficace dans 24 heures, Sinon revalider!<br>','2018-12-18 11:25:47','2018-12-18 11:25:47'),(171,0,129,'pushremoteonline','zh_CN',1,'{\r\n\"deviceid\":\"${gateway.deviceid}\",\r\n<#if (gateway.name)??>\r\n	\"name\":\"${gateway.name}\",\r\n</#if>\r\n<#if (gateway.phoneuserid)??>\r\n	\"phoneuserid\":${gateway.phoneuserid},\r\n</#if>\r\n<#if reporttime??>\r\n    \"reporttime\":${reporttime},\r\n</#if>\r\n<#if (gateway.status)??>\r\n	\"status\":${gateway.status},\r\n</#if>\r\n<#if pushtime??>\r\n	\"pushtime\":${pushtime},\r\n</#if>\r\n\"message\":\"remoteonline\",\r\n\"type\":\"warning\"\r\n}','2018-12-18 14:51:21','2018-12-22 10:43:10'),(172,0,25,'remoteonline','zh_CN',1,'{\r\n\"deviceid\":\"${gateway.deviceid}\",\r\n<#if (gateway.name)??>\r\n	\"name\":\"${gateway.name}\",\r\n</#if>\r\n<#if (gateway.phoneuserid)??>\r\n	\"phoneuserid\":${gateway.phoneuserid},\r\n</#if>\r\n<#if reporttime??>\r\n    \"reporttime\":${reporttime},\r\n</#if>\r\n<#if (gateway.status)??>\r\n	\"status\":${gateway.status},\r\n</#if>\r\n<#if pushtime??>\r\n	\"pushtime\":${pushtime},\r\n</#if>\r\n\"message\":\"remoteonline\",\r\n\"type\":\"warning\"\r\n}','2018-12-18 14:55:34','2018-12-22 10:42:49'),(173,0,26,'remoteoffline','zh_CN',1,'{\r\n<#if (gateway.phoneuserid)??>\r\n	\"phoneuserid\":${gateway.phoneuserid},\r\n</#if>\r\n<#if iossound??>\r\n	\"sound\":\"${iossound}\",\r\n</#if>\r\n	\"type\":\"warning\",\r\n<#if pushtime??>\r\n	\"pushtime\":${pushtime},\r\n</#if>\r\n	\"message\":\"remoteoffline\",\r\n<#if reporttime??>\r\n	\"reporttime\":${reporttime},\r\n</#if>\r\n<#if (gateway.name)??>\r\n	\"name\":\"gateway\",\r\n</#if>\r\n	\"deviceid\":\"${deviceid}\"\r\n}','2018-12-18 14:57:04','2018-12-19 14:59:34'),(174,0,27,'setowner','zh_CN',1,'{\r\n<#if pushtime??>\r\n	\"pushtime\":${pushtime},\r\n</#if>\r\n	\"type\":\"infochanged\"\r\n}','2018-12-18 14:57:53','2018-12-18 14:57:53'),(175,0,28,'iremoteownerchanged','zh_CN',1,'{\r\n<#if reporttime??>\r\n	\"reporttime\":${reporttime},\r\n</#if>\r\n	\"type\":\"infochanged\"\r\n}','2018-12-18 14:58:28','2018-12-18 14:58:28'),(176,0,29,'editgateway','zh_CN',1,'{\r\n<#if tokenid??>\r\n	\"tokenid\":${tokenid},\r\n</#if>\r\n	\"action\":\"editgateway\",\r\n<#if pushtime??>\r\n	\"pushtime\":${pushtime},\r\n</#if>\r\n\"type\":\"infochanged\"\r\n}','2018-12-18 15:00:25','2018-12-18 15:00:25'),(177,0,32,'deleteremote','zh_CN',1,'{\r\n<#if tokenid??>\r\n\"tokenid\":${tokenid},\r\n</#if>\r\n\"action\":\"deletegateway\",\r\n<#if pushtime??>\r\n	\"pushtime\":${pushtime},\r\n</#if>\r\n\"type\":\"infochanged\"\r\n}','2018-12-18 15:02:59','2018-12-18 15:02:59'),(178,0,34,'devicestatus','zh_CN',1,'{\r\n<#if (zwavedevice.majortype)??>\r\n	\"majortype\":\"${zwavedevice.majortype}\",\r\n</#if>\r\n<#if (camera.majortype)??>\r\n	\"majortype\":\"${camera.majortype}\",\r\n</#if>\r\n<#if (zwavedevice.zwavedeviceid)??>\r\n	\"zwavedeviceid\":${zwavedevice.zwavedeviceid},\r\n</#if>\r\n<#if (camera.cameraid)??>\r\n	\"cameraid\":${camera.cameraid},\r\n</#if>\r\n<#if eventtime??>\r\n	\"eventtime\":${eventtime},\r\n</#if>\r\n<#if (zwavedevice.battery)??>\r\n	\"battery\":${zwavedevice.battery},\r\n</#if>\r\n<#if (camera.battery)??>\r\n	\"battery\":${camera.battery},\r\n</#if>\r\n<#if (zwavedevice.devicetype)??>\r\n	\"devicetype\":\"${zwavedevice.devicetype}\",\r\n</#if>\r\n<#if (camera.devicetype)??>\r\n	\"devicetype\":\"${camera.devicetype}\",\r\n</#if>\r\n<#if operator??>\r\n	\"operator\":\"${operator}\",\r\n</#if>\r\n<#if pushtime??>\r\n	\"pushtime\":${pushtime},\r\n</#if>\r\n<#if (zwavedevice.nuid)??>\r\n	\"nuid\":${zwavedevice.nuid},\r\n</#if>\r\n<#if (zwavedevice.applianceid)??>\r\n	\"applianceid\":\"${zwavedevice.applianceid}\",\r\n</#if>\r\n<#if (zwavedevice.deviceid)??>\r\n	\"deviceid\":\"${zwavedevice.deviceid}\",\r\n</#if>\r\n<#if (zwavedevice.name)??>\r\n	\"name\":\"${zwavedevice.name}\",\r\n</#if>\r\n<#if (zwavedevice.status)??>\r\n	\"status\":${zwavedevice.status},\r\n</#if>\r\n<#if (zwavedevice.statuses)??>\r\n	\"statuses\":\"${zwavedevice.statuses?json_string}\",\r\n</#if>\r\n<#if (camera.nuid)??>\r\n	\"nuid\":${camera.nuid},\r\n</#if>\r\n<#if (camera.applianceid)??>\r\n	\"applianceid\":\"${camera.applianceid}\",\r\n</#if>\r\n<#if (camera.deviceid)??>\r\n	\"deviceid\":\"${camera.deviceid}\",\r\n</#if>\r\n<#if (camera.name)??>\r\n	\"name\":\"${camera.name}\",\r\n</#if>\r\n<#if (camera.status)??>\r\n	\"status\":${camera.status},\r\n</#if>\r\n<#if (camera.statuses)??>\r\n	\"statuses\":\"${camera.statuses?json_string}\",\r\n</#if>\r\n\"reporttime\":\"${reporttime}\",\r\n\"type\":\"devicestatus\"\r\n}','2018-12-18 15:03:39','2018-12-25 15:43:06'),(179,0,35,'doorclose','zh_CN',1,'{\r\n<#if (zwavedevice.majortype)??>\r\n	\"majortype\":\"${zwavedevice.majortype}\",\r\n</#if>\r\n<#if (camera.majortype)??>\r\n	\"majortype\":\"${camera.majortype}\",\r\n</#if>\r\n<#if (zwavedevice.zwavedeviceid)??>\r\n	\"zwavedeviceid\":${zwavedevice.zwavedeviceid},\r\n</#if>\r\n<#if (camera.cameraid)??>\r\n	\"cameraid\":${camera.cameraid},\r\n</#if>\r\n<#if eventtime??>\r\n	\"eventtime\":${eventtime},\r\n</#if>\r\n<#if (zwavedevice.battery)??>\r\n	\"battery\":${zwavedevice.battery},\r\n</#if>\r\n<#if (camera.battery)??>\r\n	\"battery\":${camera.battery},\r\n</#if>\r\n<#if (zwavedevice.devicetype)??>\r\n	\"devicetype\":\"${zwavedevice.devicetype}\",\r\n</#if>\r\n<#if (camera.devicetype)??>\r\n	\"devicetype\":\"${camera.devicetype}\",\r\n</#if>\r\n<#if operator??>\r\n	\"operator\":\"${operator}\",\r\n</#if>\r\n<#if pushtime??>\r\n	\"pushtime\":${pushtime},\r\n</#if>\r\n<#if (zwavedevice.nuid)??>\r\n	\"nuid\":${zwavedevice.nuid},\r\n</#if>\r\n<#if (zwavedevice.applianceid)??>\r\n	\"applianceid\":\"${zwavedevice.applianceid}\",\r\n</#if>\r\n<#if (zwavedevice.deviceid)??>\r\n	\"deviceid\":\"${zwavedevice.deviceid}\",\r\n</#if>\r\n<#if (zwavedevice.name)??>\r\n	\"name\":\"${zwavedevice.name}\",\r\n</#if>\r\n<#if (zwavedevice.status)??>\r\n	\"status\":${zwavedevice.status},\r\n</#if>\r\n<#if (camera.nuid)??>\r\n	\"nuid\":${camera.nuid},\r\n</#if>\r\n<#if (camera.applianceid)??>\r\n	\"applianceid\":\"${camera.applianceid}\",\r\n</#if>\r\n<#if (camera.deviceid)??>\r\n	\"deviceid\":\"${camera.deviceid}\",\r\n</#if>\r\n<#if (camera.name)??>\r\n	\"name\":\"${camera.name}\",\r\n</#if>\r\n<#if (camera.status)??>\r\n	\"status\":${camera.status},\r\n</#if>\r\n<#if reporttime??>\r\n\"reporttime\":${reporttime},\r\n</#if>\r\n<#if eventtype??>\r\n	\"message\":\"${eventtype}\",\r\n</#if>\r\n\"type\":\"warning\"\r\n}','2018-12-18 15:04:52','2018-12-18 15:04:52'),(180,0,36,'doorlockclose','zh_CN',1,'{\r\n<#if (zwavedevice.majortype)??>\r\n	\"majortype\":\"${zwavedevice.majortype}\",\r\n</#if>\r\n<#if (camera.majortype)??>\r\n	\"majortype\":\"${camera.majortype}\",\r\n</#if>\r\n<#if (zwavedevice.zwavedeviceid)??>\r\n	\"zwavedeviceid\":${zwavedevice.zwavedeviceid},\r\n</#if>\r\n<#if (camera.cameraid)??>\r\n	\"cameraid\":${camera.cameraid},\r\n</#if>\r\n<#if eventtime??>\r\n	\"eventtime\":${eventtime},\r\n</#if>\r\n<#if (zwavedevice.battery)??>\r\n	\"battery\":${zwavedevice.battery},\r\n</#if>\r\n<#if (camera.battery)??>\r\n	\"battery\":${camera.battery},\r\n</#if>\r\n<#if (zwavedevice.devicetype)??>\r\n	\"devicetype\":\"${zwavedevice.devicetype}\",\r\n</#if>\r\n<#if (camera.devicetype)??>\r\n	\"devicetype\":\"${camera.devicetype}\",\r\n</#if>\r\n<#if operator??>\r\n	\"operator\":\"${operator}\",\r\n</#if>\r\n<#if pushtime??>\r\n	\"pushtime\":${pushtime},\r\n</#if>\r\n<#if (zwavedevice.nuid)??>\r\n	\"nuid\":${zwavedevice.nuid},\r\n</#if>\r\n<#if (zwavedevice.applianceid)??>\r\n	\"applianceid\":\"${zwavedevice.applianceid}\",\r\n</#if>\r\n<#if (zwavedevice.deviceid)??>\r\n	\"deviceid\":\"${zwavedevice.deviceid}\",\r\n</#if>\r\n<#if (zwavedevice.name)??>\r\n	\"name\":\"${zwavedevice.name}\",\r\n</#if>\r\n<#if (zwavedevice.status)??>\r\n	\"status\":${zwavedevice.status},\r\n</#if>\r\n<#if (camera.nuid)??>\r\n	\"nuid\":${camera.nuid},\r\n</#if>\r\n<#if (camera.applianceid)??>\r\n	\"applianceid\":\"${camera.applianceid}\",\r\n</#if>\r\n<#if (camera.deviceid)??>\r\n	\"deviceid\":\"${camera.deviceid}\",\r\n</#if>\r\n<#if (camera.name)??>\r\n	\"name\":\"${camera.name}\",\r\n</#if>\r\n<#if (camera.status)??>\r\n	\"status\":${camera.status},\r\n</#if>\r\n<#if reporttime??>\r\n\"reporttime\":${reporttime},\r\n</#if>\r\n<#if eventtype??>\r\n	\"message\":\"${eventtype}\",\r\n</#if>\r\n\"type\":\"warning\"\r\n}','2018-12-18 15:05:48','2018-12-18 15:05:48'),(181,0,37,'moveout','zh_CN',1,'{\r\n<#if (zwavedevice.majortype)??>\r\n	\"majortype\":\"${zwavedevice.majortype}\",\r\n</#if>\r\n<#if (camera.majortype)??>\r\n	\"majortype\":\"${camera.majortype}\",\r\n</#if>\r\n<#if (zwavedevice.zwavedeviceid)??>\r\n	\"zwavedeviceid\":${zwavedevice.zwavedeviceid},\r\n</#if>\r\n<#if (camera.cameraid)??>\r\n	\"cameraid\":${camera.cameraid},\r\n</#if>\r\n<#if eventtime??>\r\n	\"eventtime\":${eventtime},\r\n</#if>\r\n<#if (zwavedevice.battery)??>\r\n	\"battery\":${zwavedevice.battery},\r\n</#if>\r\n<#if (camera.battery)??>\r\n	\"battery\":${camera.battery},\r\n</#if>\r\n<#if (zwavedevice.devicetype)??>\r\n	\"devicetype\":\"${zwavedevice.devicetype}\",\r\n</#if>\r\n<#if (camera.devicetype)??>\r\n	\"devicetype\":\"${camera.devicetype}\",\r\n</#if>\r\n<#if operator??>\r\n	\"operator\":\"${operator}\",\r\n</#if>\r\n<#if pushtime??>\r\n	\"pushtime\":${pushtime},\r\n</#if>\r\n<#if (zwavedevice.nuid)??>\r\n	\"nuid\":${zwavedevice.nuid},\r\n</#if>\r\n<#if (zwavedevice.applianceid)??>\r\n	\"applianceid\":\"${zwavedevice.applianceid}\",\r\n</#if>\r\n<#if (zwavedevice.deviceid)??>\r\n	\"deviceid\":\"${zwavedevice.deviceid}\",\r\n</#if>\r\n<#if (zwavedevice.name)??>\r\n	\"name\":\"${zwavedevice.name}\",\r\n</#if>\r\n<#if (zwavedevice.status)??>\r\n	\"status\":${zwavedevice.status},\r\n</#if>\r\n<#if (camera.nuid)??>\r\n	\"nuid\":${camera.nuid},\r\n</#if>\r\n<#if (camera.applianceid)??>\r\n	\"applianceid\":\"${camera.applianceid}\",\r\n</#if>\r\n<#if (camera.deviceid)??>\r\n	\"deviceid\":\"${camera.deviceid}\",\r\n</#if>\r\n<#if (camera.name)??>\r\n	\"name\":\"${camera.name}\",\r\n</#if>\r\n<#if (camera.status)??>\r\n	\"status\":${camera.status},\r\n</#if>\r\n<#if reporttime??>\r\n\"reporttime\":${reporttime},\r\n</#if>\r\n<#if eventtype??>\r\n	\"message\":\"${eventtype}\",\r\n</#if>\r\n\"type\":\"warning\"\r\n}','2018-12-18 15:06:06','2018-12-18 15:06:06'),(182,0,38,'battery','zh_CN',1,'{\r\n<#if (zwavedevice.majortype)??>\r\n	\"majortype\":\"${zwavedevice.majortype}\",\r\n</#if>\r\n<#if (zwavedevice.zwavedeviceid)??>\r\n	\"zwavedeviceid\":${zwavedevice.zwavedeviceid},\r\n</#if>\r\n<#if eventtime??>\r\n	\"eventtime\":${eventtime},\r\n</#if>\r\n<#if (zwavedevice.battery)??>\r\n	\"battery\":${zwavedevice.battery},\r\n</#if>\r\n<#if (zwavedevice.devicetype)??>\r\n	\"devicetype\":\"${zwavedevice.devicetype}\",\r\n</#if>\r\n<#if operator??>\r\n	\"operator\":\"${operator}\",\r\n</#if>\r\n<#if pushtime??>\r\n	\"pushtime\":${pushtime},\r\n</#if>\r\n<#if (zwavedevice.nuid)??>\r\n	\"nuid\":${zwavedevice.nuid},\r\n</#if>\r\n<#if (zwavedevice.applianceid)??>\r\n	\"applianceid\":\"${zwavedevice.applianceid}\",\r\n</#if>\r\n<#if (zwavedevice.deviceid)??>\r\n	\"deviceid\":\"${zwavedevice.deviceid}\",\r\n</#if>\r\n<#if (zwavedevice.name)??>\r\n	\"name\":\"${zwavedevice.name}\",\r\n</#if>\r\n<#if (zwavedevice.status)??>\r\n	\"status\":${zwavedevice.status},\r\n</#if>\r\n<#if reporttime??>\r\n\"reporttime\":\"${reporttime}\",\r\n</#if>\r\n<#if eventtype??>\r\n	\"message\":\"${eventtype}\",\r\n</#if>\r\n\"type\":\"battery\"\r\n}','2018-12-18 15:07:53','2018-12-18 15:07:53'),(183,0,39,'addzwavedevice','zh_CN',1,'{\r\n<#if tokenid??>\r\n	\"tokenid\":${tokenid},\r\n</#if>\r\n<#if pushtime??>\r\n	\"pushtime\":${pushtime},\r\n</#if>\r\n\"type\":\"infochanged\"\r\n}','2018-12-18 15:08:23','2018-12-19 11:50:15'),(184,0,40,'editzwavedevice','zh_CN',1,'{\r\n<#if tokenid??>\r\n	\"tokenid\":${tokenid},\r\n</#if>\r\n<#if pushtime?>\r\n	\"pushtime\":${pushtime},\r\n</#if>\r\n\"type\":\"infochanged\"\r\n}','2018-12-18 15:08:38','2018-12-28 16:33:21'),(185,0,41,'deletezwavedevice','zh_CN',1,'{\r\n<#if tokenid??>\r\n	\"tokenid\":${tokenid},\r\n</#if>\r\n<#if pushtime??>\r\n	\"pushtime\":${pushtime},\r\n</#if>\r\n\"type\":\"infochanged\"\r\n}','2018-12-18 15:09:12','2018-12-22 16:13:07'),(186,0,42,'subdevicestatus','zh_CN',1,'\r\n{\r\n<#if (subzwavedevice.enablestatus)??>\r\n	\"enablestatus\":${subzwavedevice.enablestatus},\r\n</#if>\r\n<#if (subzwavedevice.zwavedevice.zwavedeviceid)??>\r\n	\"zwavedeviceid\":${subzwavedevice.zwavedevice.zwavedeviceid},\r\n</#if>\r\n<#if (subzwavedevice.zwavesubdeviceid)??>\r\n	\"subdeviceid\":${subzwavedevice.zwavesubdeviceid},\r\n</#if>\r\n<#if (subzwavedevice.channelid)??>\r\n	\"channelid\":${subzwavedevice.channelid},\r\n</#if>\r\n<#if (subzwavedevice.warningstatuses)??>\r\n	\"warningstatuses\":\"${subzwavedevice.warningstatuses}\",\r\n</#if>\r\n<#if (subzwavedevice.status)??>\r\n	\"status\":${subzwavedevice.status},\r\n</#if>\r\n<#if (subzwavedevice.statuses)??>\r\n	\"statuses\": \"${subzwavedevice.statuses}\",\r\n</#if>\r\n<#if (subzwavedevice.zwavedevice.devicetype)??>\r\n	\"devicetype\":\"${subzwavedevice.zwavedevice.devicetype}\",\r\n</#if>\r\n<#if (subzwavedevice.zwavedevice.deviceid)??>\r\n	\"deviceid\":\"${subzwavedevice.zwavedevice.deviceid}\",\r\n</#if>\r\n<#if reporttime??>\r\n	\"reporttime\":\"${reporttime}\",\r\n</#if>\r\n<#if eventtime??>\r\n	\"eventtime\":${eventtime},\r\n</#if>\r\n<#if pushtime??>\r\n	\"pushtime\":${pushtime},\r\n</#if>\r\n\"operator\": \"${operator!}\",\r\n\"majortype\": \"zWave\",\r\n\"type\":\"subdevicestatus\"\r\n}','2018-12-18 15:09:40','2018-12-22 14:44:53'),(187,0,43,'remoteunlockforbidden','zh_CN',1,'{\r\n<#if pushtime??>\r\n	\"pushtime\":${pushtime},\r\n</#if>\r\n\"type\":\"infochanged\"\r\n}','2018-12-18 15:10:33','2018-12-18 15:10:33'),(188,0,44,'remoteunlockenabled','zh_CN',1,'{\r\n<#if pushtime??>\r\n	\"pushtime\":${pushtime},\r\n</#if>\r\n\"type\":\"infochanged\"\r\n}','2018-12-18 15:11:04','2018-12-18 15:11:04'),(189,0,45,'lockdoorbellring','zh_CN',1,'{\r\n\"appendmessage\":\"${appendmessage!}\",\r\n\"majortype\":\"zWave\",\r\n<#if (user.phoneuserid)??>\r\n	\"phoneuserid\":${user.phoneuserid},\r\n</#if>\r\n<#if (zwavedevice.zwavedeviceid)??>\r\n	\"zwavedeviceid\":${zwavedevice.zwavedeviceid},\r\n</#if>\r\n<#if iossound??>\r\n	\"sound\":\"${iossound}\",\r\n</#if>\r\n<#if (zwavedevice.devicetype)??>\r\n	\"devicetype\":\"${zwavedevice.devicetype}\",\r\n</#if>\r\n<#if pushtime??>\r\n	\"pushtime\":${pushtime},\r\n</#if>\r\n<#if (zwavedevice.nuid)??>\r\n	\"nuid\":${zwavedevice.nuid},\r\n</#if>\r\n<#if (zwavedevice.deviceid)??>\r\n	\"deviceid\":\"${zwavedevice.deviceid}\",\r\n</#if>\r\n<#if reporttime??>\r\n	\"reporttime\":${reporttime},\r\n</#if>\r\n<#if (zwavedevice.name)??>\r\n	\"name\":\"${zwavedevice.name}\",\r\n</#if>\r\n\"message\":\"doorbellring\",\r\n\"type\":\"doorbellring\"\r\n}','2018-12-18 15:11:42','2018-12-18 20:20:53'),(190,0,46,'poweroverload','zh_CN',1,'{\r\n\"majortype\":\"zWave\",\r\n<#if (zwavedevice.zwavedeviceid)??>\r\n	\"zwavedeviceid\":${zwavedevice.zwavedeviceid},\r\n</#if>\r\n<#if eventtime??>\r\n	\"eventtime\":1541071894000,\r\n</#if>\r\n<#if (zwavedevice.battery)??>\r\n	\"battery\":${zwavedevice.battery},\r\n</#if>\r\n<#if (zwavedevice.devicetype)??>\r\n	\"devicetype\":\"${zwavedevice.devicetype}\",\r\n</#if>\r\n<#if pushtime??>\r\n	\"pushtime\":${pushtime},\r\n</#if>\r\n<#if (zwavedevice.warningstatuses)??>\r\n	\"warningstatuses\":\"${zwavedevice.warningstatuses}\",\r\n</#if>\r\n<#if (zwavedevice.nuid)??>\r\n	\"nuid\":${zwavedevice.nuid},\r\n</#if>\r\n<#if (zwavedevice.applianceid)??>\r\n	\"applianceid\":\"${zwavedevice.applianceid}\",\r\n</#if>\r\n<#if (zwavedevice.deviceid)??>\r\n	\"deviceid\":\"${zwavedevice.deviceid}\",\r\n</#if>\r\n<#if reporttime??>\r\n	\"reporttime\":${reporttime},\r\n</#if>\r\n<#if (warningstatus)??>\r\n	\"warningstatus\":${warningstatus},\r\n</#if>\r\n<#if (zwavedevice.status)??>\r\n	\"status\":${zwavedevice.status},\r\n</#if>\r\n<#if (zwavedevice.name)??>\r\n	\"name\":\"${zwavedevice.name}\",\r\n</#if>\r\n\"message\":\"poweroverload\",\r\n\"type\":\"warning\"\r\n}','2018-12-18 15:12:14','2018-12-19 15:01:06'),(191,0,113,'unalarmpoweroverload','zh_CN',1,'{\r\n\"majortype\":\"zWave\",\r\n<#if (gateway.phoneuserid)??>\r\n	\"phoneuserid\":${gateway.phoneuserid},\r\n</#if>\r\n<#if (zwavedevice.zwavedeviceid)??>\r\n	\"zwavedeviceid\":${zwavedevice.zwavedeviceid},\r\n</#if>\r\n<#if (zwavedevice.devicetype)??>\r\n	\"devicetype\":\"${zwavedevice.devicetype}\",\r\n</#if>\r\n<#if pushtime??>\r\n	\"pushtime\":${pushtime},\r\n</#if>\r\n<#if (zwavedevice.nuid)??>\r\n	\"nuid\":${zwavedevice.nuid},\r\n</#if>\r\n<#if unalarmphonenumber??>\r\n	\"unalarmphonenumber\":\"${unalarmphonenumber}\",\r\n</#if>\r\n<#if unalarmphoneuserid??>\r\n	\"unalarmphoneuserid\":${unalarmphoneuserid},\r\n</#if>\r\n<#if (zwavedevice.deviceid)??>\r\n	\"deviceid\":\"${zwavedevice.deviceid}\",\r\n</#if>\r\n<#if reporttime??>\r\n	\"reporttime\":${reporttime},\r\n</#if>\r\n<#if (zwavedevice.name)??>\r\n	\"name\":\"${zwavedevice.name}\",\r\n</#if>\r\n\"message\":\"unalarmpoweroverload\",\r\n\"type\":\"warning\"\r\n}','2018-12-18 15:12:40','2018-12-18 15:12:40'),(192,0,47,'disabledevice','zh_CN',1,'{\r\n<#if appendmessage??>\r\n	\"appendmessage\":\"${appendmessage}\",\r\n</#if>\r\n\"majortype\":\"zWave\",\r\n<#if (gateway.phoneuserid)??>\r\n		\"phoneuserid\":{gateway.phoneuserid},\r\n</#if>\r\n<#if (zwavedevice.zwavedeviceid)??>\r\n	\"zwavedeviceid\":${zwavedevice.zwavedeviceid},\r\n</#if>\r\n<#if (zwavedevice.devicetype)??>\r\n	\"devicetype\":\"${zwavedevice.devicetype}\",\r\n</#if>\r\n<#if pushtime??>\r\n	\"pushtime\":${pushtime},\r\n</#if>\r\n<#if (zwavedevice.nuid)??>\r\n	\"nuid\":${zwavedevice.nuid},\r\n</#if>\r\n<#if (zwavedevice.deviceid)??>\r\n	\"deviceid\":\"${zwavedevice.deviceid}\",\r\n</#if>\r\n<#if reporttime??>\r\n	\"reporttime\":${reporttime},\r\n</#if>\r\n<#if (zwavedevice.name)??>\r\n	\"name\":\"${zwavedevice.name}\",\r\n</#if>\r\n\"type\":\"warning\",\r\n\"message\":\"disabledevice\"\r\n}','2018-12-18 15:13:22','2018-12-18 15:13:22'),(193,0,48,'enabledevice','zh_CN',1,'{\r\n<#if appendmessage??>\r\n	\"appendmessage\":\"${appendmessage}\",\r\n</#if>\r\n\"majortype\":\"zWave\",\r\n<#if (gateway.phoneuserid)??>\r\n		\"phoneuserid\":{gateway.phoneuserid},\r\n</#if>\r\n<#if (zwavedevice.zwavedeviceid)??>\r\n	\"zwavedeviceid\":${zwavedevice.zwavedeviceid},\r\n</#if>\r\n<#if (zwavedevice.devicetype)??>\r\n	\"devicetype\":\"${zwavedevice.devicetype}\",\r\n</#if>\r\n<#if pushtime??>\r\n	\"pushtime\":${pushtime},\r\n</#if>\r\n<#if (zwavedevice.nuid)??>\r\n	\"nuid\":${zwavedevice.nuid},\r\n</#if>\r\n<#if (zwavedevice.deviceid)??>\r\n	\"deviceid\":\"${zwavedevice.deviceid}\",\r\n</#if>\r\n<#if reporttime??>\r\n	\"reporttime\":${reporttime},\r\n</#if>\r\n<#if (zwavedevice.name)??>\r\n	\"name\":\"${zwavedevice.name}\",\r\n</#if>\r\n\"type\":\"warning\",\r\n\"message\":\"enabledevice\"\r\n}','2018-12-18 15:13:45','2018-12-18 15:13:45'),(194,0,49,'devicearmstatuschange','zh_CN',1,'{\r\n<#if armstatus??>\r\n	\"armstatus\":${armstatus},\r\n</#if>\r\n<#if (zwavedevice.zwavedeviceid)??>\r\n	\"zwavedeviceid\":${zwavedevice.zwavedeviceid},\r\n</#if>\r\n<#if pushtime??>\r\n	\"pushtime\":${pushtime},\r\n</#if>\r\n\"type\":\"devicearmstatuschange\"\r\n}','2018-12-18 15:14:30','2018-12-19 11:51:39'),(195,0,50,'addinfrareddevice','zh_CN',1,'{\r\n<#if tokenid??>\r\n	\"tokenid\":${tokenid},\r\n</#if>\r\n<#if pushtime??>\r\n	\"pushtime\":${pushtime},\r\n<#if>\r\n\"type\":\"infochanged\"\r\n}','2018-12-18 15:14:53','2018-12-18 15:14:53'),(196,0,51,'editinfrareddevice','zh_CN',1,'{\r\n<#if tokenid??>\r\n	\"tokenid\":${tokenid},\r\n</#if>\r\n<#if pushtime??>\r\n	\"pushtime\":${pushtime},\r\n<#if>\r\n\"type\":\"infochanged\"\r\n}','2018-12-18 15:15:22','2018-12-18 15:15:22'),(197,0,52,'deleteinfrareddevice','zh_CN',1,'{\r\n<#if tokenid??>\r\n	\"tokenid\":${tokenid},\r\n</#if>\r\n<#if pushtime??>\r\n	\"pushtime\":${pushtime},\r\n<#if>\r\n\"type\":\"infochanged\"\r\n}','2018-12-18 15:15:54','2018-12-18 15:15:54'),(198,0,53,'addcamera','zh_CN',1,'{\r\n<#if tokenid??>\r\n	\"tokenid\":${tokenid},\r\n</#if>\r\n<#if pushtime??>\r\n	\"pushtime\":${pushtime},\r\n<#if>\r\n\"type\":\"infochanged\"\r\n}','2018-12-18 15:16:15','2018-12-18 15:16:15'),(199,0,54,'editcamera','zh_CN',1,'{\r\n<#if tokenid??>\r\n	\"tokenid\":${tokenid},\r\n</#if>\r\n<#if pushtime??>\r\n	\"pushtime\":${pushtime},\r\n<#if>\r\n\"type\":\"infochanged\"\r\n}','2018-12-18 15:16:31','2018-12-18 15:16:31'),(200,0,55,'deletecamera','zh_CN',1,'{\r\n<#if tokenid??>\r\n	\"tokenid\":${tokenid},\r\n</#if>\r\n<#if pushtime??>\r\n	\"pushtime\":${pushtime},\r\n<#if>\r\n\"type\":\"infochanged\"\r\n}','2018-12-18 15:16:55','2018-12-18 15:16:55'),(201,0,56,'cameradectectmove','zh_CN',1,'{\r\n<#if (camera.applianceuuid)??>\r\n	\"camerauuid\":\"${camera.applianceuuid}\",\r\n</#if>\r\n<#if (gateway.phoneuserid)??>\r\n	\"phoneuserid\":${gateway.phoneuserid},\r\n</#if>\r\n<#if eventtime??>\r\n	\"eventtime\":${eventtime},\r\n</#if>\r\n<#if (camera.deviceid)??>\r\n	\"deviceid\":\"${camera.deviceid}\",\r\n</#if>\r\n<#if reporttime??>\r\n	\"reporttime\":${reporttime},\r\n</#if>\r\n<#if (warningstatus)??>\r\n	\"warningstatus\":${warningstatus},\r\n</#if>\r\n<#if pushtime??>\r\n	\"pushtime\":${pushtime},\r\n</#if>\r\n<#if (camera.warningstatuses)??>\r\n	\"warningstatuses\":\"${camera.warningstatuses}\",\r\n</#if>\r\n<#if (camera.cameraid)??>\r\n	\"cameraid\":${camera.cameraid},\r\n</#if>\r\n<#if (camera.name)??>\r\n	\"name\":\"${camera.name}\",\r\n</#if>\r\n<#if taskid??>\r\n	\"taskid\":${taskid},\r\n</#if>\r\n<#if (camera.status)??>\r\n	\"status\":${camera.status},\r\n</#if>\r\n\"majortype\":\"camera\",\r\n\"type\":\"warning\",\r\n\"message\":\"cameradectectmove\"\r\n}','2018-12-18 15:17:31','2018-12-19 15:02:42'),(202,0,57,'cameraoffline','zh_CN',1,'{\r\n<#if (camera.applianceuuid)??>\r\n	\"camerauuid\":\"${camera.applianceuuid}\",\r\n</#if>\r\n<#if (gateway.phoneuserid)??>\r\n	\"phoneuserid\":${gateway.phoneuserid},\r\n</#if>\r\n<#if eventtime??>\r\n	\"eventtime\":${eventtime},\r\n</#if>\r\n<#if (camera.deviceid)??>\r\n	\"deviceid\":\"${camera.deviceid}\",\r\n</#if>\r\n<#if reporttime??>\r\n	\"reporttime\":${reporttime},\r\n</#if>\r\n<#if (warningstatus)??>\r\n	\"warningstatus\":${warningstatus},\r\n</#if>\r\n<#if pushtime??>\r\n	\"pushtime\":${pushtime},\r\n</#if>\r\n<#if (camera.warningstatuses)??>\r\n	\"warningstatuses\":\"${camera.warningstatuses}\",\r\n</#if>\r\n<#if (camera.cameraid)??>\r\n	\"cameraid\":${camera.cameraid},\r\n</#if>\r\n<#if (camera.name)??>\r\n	\"name\":\"${camera.name}\",\r\n</#if>\r\n<#if taskid??>\r\n	\"taskid\":${taskid},\r\n</#if>\r\n<#if (camera.status)??>\r\n	\"status\":${camera.status},\r\n</#if>\r\n\"majortype\":\"camera\",\r\n\"type\":\"cameraoffline\"\r\n}','2018-12-18 15:18:28','2018-12-19 15:03:16'),(203,0,58,'cameraonline','zh_CN',1,'{\r\n<#if (camera.applianceuuid)??>\r\n	\"camerauuid\":\"${camera.applianceuuid}\",\r\n</#if>\r\n<#if (gateway.phoneuserid)??>\r\n	\"phoneuserid\":${gateway.phoneuserid},\r\n</#if>\r\n<#if eventtime??>\r\n	\"eventtime\":${eventtime},\r\n</#if>\r\n<#if (camera.deviceid)??>\r\n	\"deviceid\":\"${camera.deviceid}\",\r\n</#if>\r\n<#if reporttime??>\r\n	\"reporttime\":${reporttime},\r\n</#if>\r\n<#if (warningstatus)??>\r\n	\"warningstatus\":${warningstatus},\r\n</#if>\r\n<#if pushtime??>\r\n	\"pushtime\":${pushtime},\r\n</#if>\r\n<#if (camera.warningstatuses)??>\r\n	\"warningstatuses\":\"${camera.warningstatuses}\",\r\n</#if>\r\n<#if (camera.cameraid)??>\r\n	\"cameraid\":${camera.cameraid},\r\n</#if>\r\n<#if (camera.name)??>\r\n	\"name\":\"${camera.name}\",\r\n</#if>\r\n<#if taskid??>\r\n	\"taskid\":${taskid},\r\n</#if>\r\n<#if (camera.status)??>\r\n	\"status\":${camera.status},\r\n</#if>\r\n\"majortype\":\"camera\",\r\n\"type\":\"cameraonline\"\r\n}','2018-12-18 15:18:54','2018-12-19 15:04:01'),(204,0,59,'catdoorbellring','zh_CN',1,'{\r\n<#if (camera.cameraid)??>\r\n	\"cameraid\":${camera.cameraid},\r\n</#if>\r\n<#if (camera.name)??>\r\n	\"name\":\"${camera}\",\r\n</#if>\r\n<#if (camera.deviceid)??>\r\n	\"deviceid\":\"${deviceid}\",\r\n</#if>\r\n<#if reporttime??>\r\n	\"reporttime\":${reporttime},\r\n</#if>\r\n<#if pushtime??>\r\n	\"pushtime\":${pushtime},\r\n</#if>\r\n\"type\":\"doorbellring\"\r\n}','2018-12-18 15:19:16','2018-12-18 15:19:16'),(205,0,60,'addscene','zh_CN',1,'{\r\n<#if tokenid??>\r\n	\"tokenid\":${tokenid},\r\n</#if>\r\n<#if pushtime??>\r\n	\"pushtime\":${pushtime},\r\n</#if>\r\n\"action\":\"addscene\",\r\n\"type\":\"infochanged\"\r\n}','2018-12-18 15:20:15','2018-12-29 10:02:07'),(206,0,61,'editscene','zh_CN',1,'{\r\n<#if tokenid??>\r\n	\"tokenid\":${tokenid},\r\n</#if>\r\n<#if pushtime??>\r\n	\"pushtime\":${pushtime},\r\n</#if>\r\n\"action\":\"editscene\",\r\n\"type\":\"infochanged\"\r\n}','2018-12-18 15:20:43','2018-12-18 15:20:43'),(207,0,62,'deletescene','zh_CN',1,'{\r\n<#if tokenid??>\r\n	\"tokenid\":${tokenid},\r\n</#if>\r\n<#if pushtime??>\r\n	\"pushtime\":${pushtime},\r\n</#if>\r\n\"action\":\"deletescene\",\r\n\"type\":\"infochanged\"\r\n}','2018-12-18 15:21:03','2018-12-18 15:21:03'),(208,0,63,'sceneexecute','zh_CN',1,'{\r\n<#if iossound??>\r\n	\"sound\":\"${iossound}\",\r\n</#if>\r\n<#if eventtype??>\r\n	\"message\":\"${eventtype}\",\r\n</#if>\r\n<#if reporttime??>\r\n	\"reporttime\":${reporttime},\r\n</#if>\r\n<#if pushtime??>\r\n	\"pushtime\":${pushtime},\r\n</#if>\r\n\"type\":\"sceneexecute\"\r\n}','2018-12-18 15:21:31','2018-12-18 17:59:38'),(209,0,64,'addroom','zh_CN',1,'{\r\n<#if tokenid??>\r\n	\"tokenid\":${tokenid},\r\n</#if>\r\n<#if pushtime??>\r\n	\"pushtime\":${pushtime},\r\n</#if>\r\n\"action\":\"addroom\",\r\n\"type\":\"infochanged\"\r\n}','2018-12-18 15:21:51','2018-12-18 15:21:51'),(210,0,65,'editroom','zh_CN',1,'{\r\n<#if tokenid??>\r\n	\"tokenid\":${tokenid},\r\n</#if>\r\n<#if pushtime??>\r\n	\"pushtime\":${pushtime},\r\n</#if>\r\n\"action\":\"editroom\",\r\n\"type\":\"infochanged\"\r\n}','2018-12-18 15:22:08','2018-12-18 15:22:08'),(211,0,66,'addroomappliance','zh_CN',1,'{\r\n<#if tokenid??>\r\n	\"tokenid\":${tokenid},\r\n</#if>\r\n<#if pushtime??>\r\n	\"pushtime\":${pushtime},\r\n</#if>\r\n\"action\":\"addroomappliance\",\r\n\"type\":\"infochanged\"\r\n}','2018-12-18 15:22:29','2018-12-25 18:05:04'),(212,0,67,'deleteroomappliance','zh_CN',1,'{\r\n<#if tokenid??>\r\n	\"tokenid\":${tokenid},\r\n</#if>\r\n<#if pushtime??>\r\n	\"pushtime\":${pushtime},\r\n</#if>\r\n\"action\":\"deleteroomappliance\",\r\n\"type\":\"infochanged\"\r\n}','2018-12-18 15:22:50','2018-12-25 17:59:16'),(213,0,68,'adddevicegroup','zh_CN',1,'{\r\n<#if tokenid??>\r\n	\"tokenid\":${tokenid},\r\n</#if>\r\n<#if pushtime??>\r\n	\"pushtime\":${pushtime},\r\n</#if>\r\n\"action\":\"adddevicegroup\",\r\n\"type\":\"infochanged\"\r\n}','2018-12-18 15:23:10','2018-12-18 15:23:10'),(214,0,70,'deletedevicegroup','zh_CN',1,'{\r\n<#if tokenid??>\r\n	\"tokenid\":${tokenid},\r\n</#if>\r\n<#if pushtime??>\r\n	\"pushtime\":${pushtime},\r\n</#if>\r\n\"action\":\"deletedevicegroup\",\r\n\"type\":\"infochanged\"\r\n}','2018-12-18 15:24:00','2018-12-18 15:24:00'),(215,0,71,'addpartition','zh_CN',1,'{\r\n<#if tokenid??>\r\n	\"tokenid\":${tokenid},\r\n</#if>\r\n<#if pushtime??>\r\n	\"pushtime\":${pushtime},\r\n</#if>\r\n\"action\":\"addpartition\",\r\n\"type\":\"infochanged\"\r\n}','2018-12-18 15:24:23','2018-12-18 15:24:23'),(216,0,72,'editpartition','zh_CN',1,'{\r\n<#if tokenid??>\r\n	\"tokenid\":${tokenid},\r\n</#if>\r\n<#if pushtime??>\r\n	\"pushtime\":${pushtime},\r\n</#if>\r\n\"action\":\"editpartition\",\r\n\"type\":\"infochanged\"\r\n}','2018-12-18 15:24:40','2018-12-18 15:24:40'),(217,0,73,'deletepartition','zh_CN',1,'{\r\n<#if tokenid??>\r\n	\"tokenid\":${tokenid},\r\n</#if>\r\n<#if pushtime??>\r\n	\"pushtime\":${pushtime},\r\n</#if>\r\n\"action\":\"deletepartition\",\r\n\"type\":\"infochanged\"\r\n}','2018-12-18 15:24:59','2018-12-18 15:24:59'),(218,0,74,'armstatuschange','zh_CN',1,'{\r\n<#if armstatus??>\r\n	\"armstatus\":${armstatus},\r\n</#if>\r\n<#if pushtime??>\r\n	\"pushtime\":${pushtime},\r\n</#if>\r\n\"type\":\"armstatuschange\"\r\n}','2018-12-18 15:25:19','2018-12-18 15:25:19'),(219,0,75,'partitionarmstatuschange','zh_CN',1,'{\r\n<#if (partition.partitionid)??>\r\n	\"partitionid\":${partition.partitionid},\r\n</#if>\r\n\"armstatus\":${armstatus},\r\n<#if reporttime??>\r\n	\"reporttime\":\"${reporttime}\",\r\n</#if>\r\n<#if pushtime??>\r\n	\"pushtime\":${pushtime},\r\n</#if>\r\n\"type\":\"partitionarmstatuschange\"\r\n}','2018-12-18 15:25:41','2019-01-11 14:18:13'),(220,0,77,'shareinvitation','zh_CN',1,'{\r\n<#if reporttime??>\r\n	\"reporttime\":${reporttime},\r\n</#if>\r\n\"type\":\"shareinvitation\"\r\n}','2018-12-18 15:27:43','2018-12-18 15:27:43'),(221,0,78,'shareinvitationaccepted','zh_CN',1,'{\r\n<#if reporttime??>\r\n	\"reporttime\":${reporttime},\r\n</#if>\r\n<#if shareid??>\r\n	\"shareid\":${shareid},\r\n</#if>\r\n\"type\":\"shareinvitationaccepted\"\r\n}','2018-12-18 15:28:33','2018-12-18 15:28:33'),(222,0,79,'familyinvitationaccepted','zh_CN',1,'{\r\n<#if pushtime??>\r\n	\"pushtime\":${[pushtime},\r\n</#if>\r\n\"type\":\"infochanged\"\r\n}','2018-12-18 15:29:00','2018-12-18 15:29:00'),(223,0,80,'shareinvitationrejected','zh_CN',1,'{\r\n<#if reporttime??>\r\n	\"reporttime\":${reporttime},\r\n</#if>\r\n<#if shareid??>\r\n	\"shareid\":${shareid},\r\n</#if>\r\n\"type\":\"shareinvitationrejected\"\r\n}','2018-12-18 15:29:28','2018-12-18 15:29:28'),(224,0,81,'shareinvitationdeleted','zh_CN',1,'{\r\n<#if reporttime??>\r\n	\"reporttime\":${reporttime},\r\n</#if>\r\n<#if shareid??>\r\n	\"shareid\":${shareid},\r\n</#if>\r\n\"type\":\"shareinvitationdeleted\"\r\n}','2018-12-18 15:29:43','2018-12-18 15:29:43'),(225,0,82,'familyinvitationdeleted','zh_CN',1,'{\r\n<#if pushtime??>\r\n	\"pushtime\":${[pushtime},\r\n</#if>\r\n\"type\":\"infochanged\"\r\n}','2018-12-18 15:30:22','2018-12-18 15:30:22'),(226,0,83,'smoke','zh_CN',1,'{\r\n<#if (zwavedevice.majortype)??>\r\n	\"majortype\":\"${zwavedevice.majortype}\",\r\n</#if>\r\n<#if (zwavedevice.zwavedeviceid)??>\r\n	\"zwavedeviceid\":${zwavedevice.zwavedeviceid},\r\n</#if>\r\n<#if eventtime??>\r\n	\"eventtime\":${eventtime},\r\n</#if>\r\n<#if (zwavedevice.battery)??>\r\n	\"battery\":${zwavedevice.battery},\r\n</#if>\r\n<#if (zwavedevice.devicetype)??>\r\n	\"devicetype\":\"${zwavedevice.devicetype}\",\r\n</#if>\r\n<#if pushtime??>\r\n		\"pushtime\":${pushtime},\r\n</#if>\r\n<#if (zwavedevice.warningstatuses)??>\r\n	\"warningstatuses\":\"${zwavedevice.warningstatuses}\",\r\n</#if>\r\n<#if (zwavedevice.nuid)??>\r\n	\"nuid\":${zwavedevice.nuid},\r\n</#if>\r\n<#if (zwavedevice.applianceid)??>\r\n	\"applianceid\":\"${zwavedevice.applianceid}\",\r\n</#if>\r\n<#if eventtype??>\r\n	\"message\":\"${eventtype}\",\r\n</#if>\r\n<#if (zwavedevice.deviceid)??>\r\n	\"deviceid\":\"${zwavedevice.deviceid}\",\r\n</#if>\r\n<#if reporttime??>\r\n	\"reporttime\":${reporttime},\r\n</#if>\r\n<#if warningstatus??>\r\n	\"warningstatus\":${warningstatus},\r\n</#if>\r\n<#if (zwavedevice.name)??>\r\n	\"name\":\"${zwavedevice.name}\",\r\n</#if>\r\n<#if (zwavedevice.status)??>\r\n	\"status\":\"${zwavedevice.status}\",\r\n</#if>\r\n\r\n<#if (camera.majortype)??>\r\n	\"majortype\":\"${camera.majortype}\",\r\n</#if>\r\n<#if (camera.cameraid)??>\r\n	\"cameraid\":${camera.cameraid},\r\n</#if>\r\n<#if (camera.battery)??>\r\n	\"battery\":${camera.battery},\r\n</#if>\r\n<#if (camera.devicetype)??>\r\n	\"devicetype\":\"${camera.devicetype}\",\r\n</#if>\r\n<#if (camera.warningstatuses)??>\r\n	\"warningstatuses\":\"${camera.warningstatuses}\",\r\n</#if>\r\n<#if (camera.applianceid)??>\r\n	\"applianceid\":\"${camera.applianceid}\",\r\n</#if>\r\n<#if (camera.applianceuuid)??>\r\n	\"nuid\":${camera.applianceuuid},\r\n</#if>\r\n<#if (camera.applianceid)??>\r\n	\"applianceid\":\"${camera.applianceid}\",\r\n</#if>\r\n\r\n<#if (camera.deviceid)??>\r\n	\"deviceid\":\"${camera.deviceid}\",\r\n</#if>\r\n<#if (camera.name)??>\r\n	\"name\":\"${camera.name}\",\r\n</#if>\r\n<#if (camera.status)??>\r\n	\"status\":\"${camera.status}\",\r\n</#if>\r\n\"type\":\"warning\"\r\n}','2018-12-18 15:30:44','2018-12-19 11:55:01'),(227,0,85,'gasleak','zh_CN',1,'{\r\n<#if (zwavedevice.majortype)??>\r\n	\"majortype\":\"${zwavedevice.majortype}\",\r\n</#if>\r\n<#if (zwavedevice.zwavedeviceid)??>\r\n	\"zwavedeviceid\":${zwavedevice.zwavedeviceid},\r\n</#if>\r\n<#if eventtime??>\r\n	\"eventtime\":${eventtime},\r\n</#if>\r\n<#if (zwavedevice.battery)??>\r\n	\"battery\":${zwavedevice.battery},\r\n</#if>\r\n<#if (zwavedevice.devicetype)??>\r\n	\"devicetype\":\"${zwavedevice.devicetype}\",\r\n</#if>\r\n<#if pushtime??>\r\n		\"pushtime\":${pushtime},\r\n</#if>\r\n<#if (zwavedevice.warningstatuses)??>\r\n	\"warningstatuses\":\"${zwavedevice.warningstatuses}\",\r\n</#if>\r\n<#if (zwavedevice.nuid)??>\r\n	\"nuid\":${zwavedevice.nuid},\r\n</#if>\r\n<#if (zwavedevice.applianceid)??>\r\n	\"applianceid\":\"${zwavedevice.applianceid}\",\r\n</#if>\r\n<#if eventtype??>\r\n	\"message\":\"${eventtype}\",\r\n</#if>\r\n<#if (zwavedevice.deviceid)??>\r\n	\"deviceid\":\"${zwavedevice.deviceid}\",\r\n</#if>\r\n<#if reporttime??>\r\n	\"reporttime\":${reporttime},\r\n</#if>\r\n<#if warningstatus??>\r\n	\"warningstatus\":${warningstatus},\r\n</#if>\r\n<#if (zwavedevice.name)??>\r\n	\"name\":\"${zwavedevice.name}\",\r\n</#if>\r\n<#if (zwavedevice.status)??>\r\n	\"status\":\"${zwavedevice.status}\",\r\n</#if>\r\n\r\n<#if (camera.majortype)??>\r\n	\"majortype\":\"${camera.majortype}\",\r\n</#if>\r\n<#if (camera.cameraid)??>\r\n	\"cameraid\":${camera.cameraid},\r\n</#if>\r\n<#if (camera.battery)??>\r\n	\"battery\":${camera.battery},\r\n</#if>\r\n<#if (camera.devicetype)??>\r\n	\"devicetype\":\"${camera.devicetype}\",\r\n</#if>\r\n<#if (camera.warningstatuses)??>\r\n	\"warningstatuses\":\"${camera.warningstatuses}\",\r\n</#if>\r\n<#if (camera.applianceid)??>\r\n	\"applianceid\":\"${camera.applianceid}\",\r\n</#if>\r\n<#if (camera.applianceuuid)??>\r\n	\"nuid\":${camera.applianceuuid},\r\n</#if>\r\n<#if (camera.applianceid)??>\r\n	\"applianceid\":\"${camera.applianceid}\",\r\n</#if>\r\n\r\n<#if (camera.deviceid)??>\r\n	\"deviceid\":\"${camera.deviceid}\",\r\n</#if>\r\n<#if (camera.name)??>\r\n	\"name\":\"${camera.name}\",\r\n</#if>\r\n<#if (camera.status)??>\r\n	\"status\":\"${camera.status}\",\r\n</#if>\r\n\"type\":\"warning\"\r\n}','2018-12-18 15:31:00','2018-12-19 11:56:44'),(228,0,84,'waterleak','zh_CN',1,'{\r\n<#if (zwavedevice.majortype)??>\r\n	\"majortype\":\"${zwavedevice.majortype}\",\r\n</#if>\r\n<#if (zwavedevice.zwavedeviceid)??>\r\n	\"zwavedeviceid\":${zwavedevice.zwavedeviceid},\r\n</#if>\r\n<#if eventtime??>\r\n	\"eventtime\":${eventtime},\r\n</#if>\r\n<#if (zwavedevice.battery)??>\r\n	\"battery\":${zwavedevice.battery},\r\n</#if>\r\n<#if (zwavedevice.devicetype)??>\r\n	\"devicetype\":\"${zwavedevice.devicetype}\",\r\n</#if>\r\n<#if pushtime??>\r\n		\"pushtime\":${pushtime},\r\n</#if>\r\n<#if (zwavedevice.warningstatuses)??>\r\n	\"warningstatuses\":\"${zwavedevice.warningstatuses}\",\r\n</#if>\r\n<#if (zwavedevice.nuid)??>\r\n	\"nuid\":${zwavedevice.nuid},\r\n</#if>\r\n<#if (zwavedevice.applianceid)??>\r\n	\"applianceid\":\"${zwavedevice.applianceid}\",\r\n</#if>\r\n<#if eventtype??>\r\n	\"message\":\"${eventtype}\",\r\n</#if>\r\n<#if (zwavedevice.deviceid)??>\r\n	\"deviceid\":\"${zwavedevice.deviceid}\",\r\n</#if>\r\n<#if reporttime??>\r\n	\"reporttime\":${reporttime},\r\n</#if>\r\n<#if warningstatus??>\r\n	\"warningstatus\":${warningstatus},\r\n</#if>\r\n<#if (zwavedevice.name)??>\r\n	\"name\":\"${zwavedevice.name}\",\r\n</#if>\r\n<#if (zwavedevice.status)??>\r\n	\"status\":\"${zwavedevice.status}\",\r\n</#if>\r\n\r\n<#if (camera.majortype)??>\r\n	\"majortype\":\"${camera.majortype}\",\r\n</#if>\r\n<#if (camera.cameraid)??>\r\n	\"cameraid\":${camera.cameraid},\r\n</#if>\r\n<#if (camera.battery)??>\r\n	\"battery\":${camera.battery},\r\n</#if>\r\n<#if (camera.devicetype)??>\r\n	\"devicetype\":\"${camera.devicetype}\",\r\n</#if>\r\n<#if (camera.warningstatuses)??>\r\n	\"warningstatuses\":\"${camera.warningstatuses}\",\r\n</#if>\r\n<#if (camera.applianceid)??>\r\n	\"applianceid\":\"${camera.applianceid}\",\r\n</#if>\r\n<#if (camera.applianceuuid)??>\r\n	\"nuid\":${camera.applianceuuid},\r\n</#if>\r\n<#if (camera.applianceid)??>\r\n	\"applianceid\":\"${camera.applianceid}\",\r\n</#if>\r\n\r\n<#if (camera.deviceid)??>\r\n	\"deviceid\":\"${camera.deviceid}\",\r\n</#if>\r\n<#if (camera.name)??>\r\n	\"name\":\"${camera.name}\",\r\n</#if>\r\n<#if (camera.status)??>\r\n	\"status\":\"${camera.status}\",\r\n</#if>\r\n\"type\":\"warning\"\r\n}','2018-12-18 15:31:15','2018-12-19 11:56:01'),(229,0,87,'sos','zh_CN',1,'{\r\n<#if (zwavedevice.majortype)??>\r\n	\"majortype\":\"${zwavedevice.majortype}\",\r\n</#if>\r\n<#if (zwavedevice.zwavedeviceid)??>\r\n	\"zwavedeviceid\":${zwavedevice.zwavedeviceid},\r\n</#if>\r\n<#if eventtime??>\r\n	\"eventtime\":${eventtime},\r\n</#if>\r\n<#if (zwavedevice.battery)??>\r\n	\"battery\":${zwavedevice.battery},\r\n</#if>\r\n<#if (zwavedevice.devicetype)??>\r\n	\"devicetype\":\"${zwavedevice.devicetype}\",\r\n</#if>\r\n<#if pushtime??>\r\n		\"pushtime\":${pushtime},\r\n</#if>\r\n<#if (zwavedevice.warningstatuses)??>\r\n	\"warningstatuses\":\"${zwavedevice.warningstatuses}\",\r\n</#if>\r\n<#if (zwavedevice.nuid)??>\r\n	\"nuid\":${zwavedevice.nuid},\r\n</#if>\r\n<#if (zwavedevice.applianceid)??>\r\n	\"applianceid\":\"${zwavedevice.applianceid}\",\r\n</#if>\r\n<#if eventtype??>\r\n	\"message\":\"${eventtype}\",\r\n</#if>\r\n<#if (zwavedevice.deviceid)??>\r\n	\"deviceid\":\"${zwavedevice.deviceid}\",\r\n</#if>\r\n<#if reporttime??>\r\n	\"reporttime\":${reporttime},\r\n</#if>\r\n<#if warningstatus??>\r\n	\"warningstatus\":${warningstatus},\r\n</#if>\r\n<#if (zwavedevice.name)??>\r\n	\"name\":\"${zwavedevice.name}\",\r\n</#if>\r\n<#if (zwavedevice.status)??>\r\n	\"status\":\"${zwavedevice.status}\",\r\n</#if>\r\n\r\n<#if (camera.majortype)??>\r\n	\"majortype\":\"${camera.majortype}\",\r\n</#if>\r\n<#if (camera.cameraid)??>\r\n	\"cameraid\":${camera.cameraid},\r\n</#if>\r\n<#if (camera.battery)??>\r\n	\"battery\":${camera.battery},\r\n</#if>\r\n<#if (camera.devicetype)??>\r\n	\"devicetype\":\"${camera.devicetype}\",\r\n</#if>\r\n<#if (camera.warningstatuses)??>\r\n	\"warningstatuses\":\"${camera.warningstatuses}\",\r\n</#if>\r\n<#if (camera.applianceid)??>\r\n	\"applianceid\":\"${camera.applianceid}\",\r\n</#if>\r\n<#if (camera.applianceuuid)??>\r\n	\"nuid\":${camera.applianceuuid},\r\n</#if>\r\n<#if (camera.applianceid)??>\r\n	\"applianceid\":\"${camera.applianceid}\",\r\n</#if>\r\n\r\n<#if (camera.deviceid)??>\r\n	\"deviceid\":\"${camera.deviceid}\",\r\n</#if>\r\n<#if (camera.name)??>\r\n	\"name\":\"${camera.name}\",\r\n</#if>\r\n<#if (camera.status)??>\r\n	\"status\":\"${camera.status}\",\r\n</#if>\r\n\"type\":\"warning\"\r\n}','2018-12-18 15:31:41','2018-12-19 11:57:22'),(230,0,86,'tampleralarm','zh_CN',1,'{\r\n<#if (zwavedevice.majortype)??>\r\n	\"majortype\":\"${zwavedevice.majortype}\",\r\n</#if>\r\n<#if (zwavedevice.zwavedeviceid)??>\r\n	\"zwavedeviceid\":${zwavedevice.zwavedeviceid},\r\n</#if>\r\n<#if eventtime??>\r\n	\"eventtime\":${eventtime},\r\n</#if>\r\n<#if (zwavedevice.battery)??>\r\n	\"battery\":${zwavedevice.battery},\r\n</#if>\r\n<#if (zwavedevice.devicetype)??>\r\n	\"devicetype\":\"${zwavedevice.devicetype}\",\r\n</#if>\r\n<#if pushtime??>\r\n	\"pushtime\":${pushtime},\r\n</#if>\r\n<#if (zwavedevice.warningstatuses)??>\r\n	\"warningstatuses\":\"${zwavedevice.warningstatuses}\",\r\n</#if>\r\n<#if (zwavedevice.nuid)??>\r\n	\"nuid\":${zwavedevice.nuid},\r\n</#if>\r\n<#if (zwavedevice.applianceid)??>\r\n	\"applianceid\":\"${zwavedevice.applianceid}\",\r\n</#if>\r\n<#if eventtype??>\r\n	\"message\":\"${eventtype}\",\r\n</#if>\r\n<#if (zwavedevice.deviceid)??>\r\n	\"deviceid\":\"${zwavedevice.deviceid}\",\r\n</#if>\r\n<#if reporttime??>\r\n	\"reporttime\":${reporttime},\r\n</#if>\r\n<#if warningstatus??>\r\n	\"warningstatus\":${warningstatus},\r\n</#if>\r\n<#if (zwavedevice.name)??>\r\n	\"name\":\"${zwavedevice.name}\",\r\n</#if>\r\n<#if (zwavedevice.status)??>\r\n	\"status\":\"${zwavedevice.status}\",\r\n</#if>\r\n\r\n<#if (camera.majortype)??>\r\n	\"majortype\":\"${camera.majortype}\",\r\n</#if>\r\n<#if (camera.cameraid)??>\r\n	\"cameraid\":${camera.cameraid},\r\n</#if>\r\n<#if (camera.battery)??>\r\n	\"battery\":${camera.battery},\r\n</#if>\r\n<#if (camera.devicetype)??>\r\n	\"devicetype\":\"${camera.devicetype}\",\r\n</#if>\r\n<#if (camera.warningstatuses)??>\r\n	\"warningstatuses\":\"${camera.warningstatuses}\",\r\n</#if>\r\n<#if (camera.applianceid)??>\r\n	\"applianceid\":\"${camera.applianceid}\",\r\n</#if>\r\n<#if (camera.applianceuuid)??>\r\n	\"nuid\":${camera.applianceuuid},\r\n</#if>\r\n<#if (camera.applianceid)??>\r\n	\"applianceid\":\"${camera.applianceid}\",\r\n</#if>\r\n\r\n<#if (camera.deviceid)??>\r\n	\"deviceid\":\"${camera.deviceid}\",\r\n</#if>\r\n<#if (camera.name)??>\r\n	\"name\":\"${camera.name}\",\r\n</#if>\r\n<#if (camera.status)??>\r\n	\"status\":\"${camera.status}\",\r\n</#if>\r\n\"type\":\"warning\"\r\n}','2018-12-18 15:33:11','2018-12-19 10:57:15'),(231,0,88,'dooropen','zh_CN',1,'{\r\n<#if (zwavedevice.majortype)??>\r\n	\"majortype\":\"${zwavedevice.majortype}\",\r\n</#if>\r\n<#if (zwavedevice.zwavedeviceid)??>\r\n	\"zwavedeviceid\":${zwavedevice.zwavedeviceid},\r\n</#if>\r\n<#if eventtime??>\r\n	\"eventtime\":${eventtime},\r\n</#if>\r\n<#if (zwavedevice.battery)??>\r\n	\"battery\":${zwavedevice.battery},\r\n</#if>\r\n<#if (zwavedevice.devicetype)??>\r\n	\"devicetype\":\"${zwavedevice.devicetype}\",\r\n</#if>\r\n<#if pushtime??>\r\n		\"pushtime\":${pushtime},\r\n</#if>\r\n<#if (zwavedevice.warningstatuses)??>\r\n	\"warningstatuses\":\"${zwavedevice.warningstatuses}\",\r\n</#if>\r\n<#if (zwavedevice.nuid)??>\r\n	\"nuid\":${zwavedevice.nuid},\r\n</#if>\r\n<#if (zwavedevice.applianceid)??>\r\n	\"applianceid\":\"${zwavedevice.applianceid}\",\r\n</#if>\r\n<#if eventtype??>\r\n	\"message\":\"${eventtype}\",\r\n</#if>\r\n<#if (zwavedevice.deviceid)??>\r\n	\"deviceid\":\"${zwavedevice.deviceid}\",\r\n</#if>\r\n<#if reporttime??>\r\n	\"reporttime\":${reporttime},\r\n</#if>\r\n<#if warningstatus??>\r\n	\"warningstatus\":${warningstatus},\r\n</#if>\r\n<#if (zwavedevice.name)??>\r\n	\"name\":\"${zwavedevice.name}\",\r\n</#if>\r\n<#if (zwavedevice.status)??>\r\n	\"status\":\"${zwavedevice.status}\",\r\n</#if>\r\n\r\n<#if (camera.majortype)??>\r\n	\"majortype\":\"${camera.majortype}\",\r\n</#if>\r\n<#if (camera.cameraid)??>\r\n	\"cameraid\":${camera.cameraid},\r\n</#if>\r\n<#if (camera.battery)??>\r\n	\"battery\":${camera.battery},\r\n</#if>\r\n<#if (camera.devicetype)??>\r\n	\"devicetype\":\"${camera.devicetype}\",\r\n</#if>\r\n<#if (camera.warningstatuses)??>\r\n	\"warningstatuses\":\"${camera.warningstatuses}\",\r\n</#if>\r\n<#if (camera.applianceid)??>\r\n	\"applianceid\":\"${camera.applianceid}\",\r\n</#if>\r\n<#if (camera.applianceuuid)??>\r\n	\"nuid\":${camera.applianceuuid},\r\n</#if>\r\n<#if (camera.applianceid)??>\r\n	\"applianceid\":\"${camera.applianceid}\",\r\n</#if>\r\n\r\n<#if (camera.deviceid)??>\r\n	\"deviceid\":\"${camera.deviceid}\",\r\n</#if>\r\n<#if (camera.name)??>\r\n	\"name\":\"${camera.name}\",\r\n</#if>\r\n<#if (camera.status)??>\r\n	\"status\":\"${camera.status}\",\r\n</#if>\r\n\"type\":\"warning\"\r\n}','2018-12-18 15:33:37','2018-12-19 11:57:43'),(232,0,89,'doorlockopen','zh_CN',1,'{\r\n<#if (zwavedevice.majortype)??>\r\n	\"majortype\":\"${zwavedevice.majortype}\",\r\n</#if>\r\n<#if (zwavedevice.zwavedeviceid)??>\r\n	\"zwavedeviceid\":${zwavedevice.zwavedeviceid},\r\n</#if>\r\n<#if eventtime??>\r\n	\"eventtime\":${eventtime},\r\n</#if>\r\n<#if (zwavedevice.battery)??>\r\n	\"battery\":${zwavedevice.battery},\r\n</#if>\r\n<#if (zwavedevice.devicetype)??>\r\n	\"devicetype\":\"${zwavedevice.devicetype}\",\r\n</#if>\r\n<#if pushtime??>\r\n	\"pushtime\":${pushtime},\r\n</#if>\r\n<#if (zwavedevice.warningstatuses)??>\r\n	\"warningstatuses\":\"${zwavedevice.warningstatuses}\",\r\n</#if>\r\n<#if (zwavedevice.nuid)??>\r\n	\"nuid\":${zwavedevice.nuid},\r\n</#if>\r\n<#if (zwavedevice.applianceid)??>\r\n	\"applianceid\":\"${zwavedevice.applianceid}\",\r\n</#if>\r\n<#if eventtype??>\r\n	\"message\":\"${eventtype}\",\r\n</#if>\r\n<#if (zwavedevice.deviceid)??>\r\n	\"deviceid\":\"${zwavedevice.deviceid}\",\r\n</#if>\r\n<#if reporttime??>\r\n	\"reporttime\":${reporttime},\r\n</#if>\r\n<#if warningstatus??>\r\n	\"warningstatus\":${warningstatus},\r\n</#if>\r\n<#if (zwavedevice.name)??>\r\n	\"name\":\"${zwavedevice.name}\",\r\n</#if>\r\n<#if (zwavedevice.status)??>\r\n	\"status\":${zwavedevice.status},\r\n</#if>\r\n\r\n<#if (camera.majortype)??>\r\n	\"majortype\":\"${camera.majortype}\",\r\n</#if>\r\n<#if (camera.cameraid)??>\r\n	\"cameraid\":${camera.cameraid},\r\n</#if>\r\n<#if (camera.battery)??>\r\n	\"battery\":${camera.battery},\r\n</#if>\r\n<#if (camera.devicetype)??>\r\n	\"devicetype\":\"${camera.devicetype}\",\r\n</#if>\r\n<#if (camera.warningstatuses)??>\r\n	\"warningstatuses\":\"${camera.warningstatuses}\",\r\n</#if>\r\n<#if (camera.applianceid)??>\r\n	\"applianceid\":\"${camera.applianceid}\",\r\n</#if>\r\n<#if (camera.applianceuuid)??>\r\n	\"nuid\":${camera.applianceuuid},\r\n</#if>\r\n<#if (camera.applianceid)??>\r\n	\"applianceid\":\"${camera.applianceid}\",\r\n</#if>\r\n<#if (camera.deviceid)??>\r\n	\"deviceid\":\"${camera.deviceid}\",\r\n</#if>\r\n<#if (camera.name)??>\r\n	\"name\":\"${camera.name}\",\r\n</#if>\r\n<#if (camera.status)??>\r\n	\"status\":${camera.status},\r\n</#if>\r\n\"type\":\"warning\"\r\n}','2018-12-18 15:33:54','2018-12-21 18:27:28'),(233,0,90,'passworderror5times','zh_CN',1,'{\r\n<#if (zwavedevice.majortype)??>\r\n	\"majortype\":\"${zwavedevice.majortype}\",\r\n</#if>\r\n<#if (zwavedevice.zwavedeviceid)??>\r\n	\"zwavedeviceid\":${zwavedevice.zwavedeviceid},\r\n</#if>\r\n<#if eventtime??>\r\n	\"eventtime\":${eventtime},\r\n</#if>\r\n<#if (zwavedevice.battery)??>\r\n	\"battery\":${zwavedevice.battery},\r\n</#if>\r\n<#if (zwavedevice.devicetype)??>\r\n	\"devicetype\":\"${zwavedevice.devicetype}\",\r\n</#if>\r\n<#if pushtime??>\r\n		\"pushtime\":${pushtime},\r\n</#if>\r\n<#if (zwavedevice.warningstatuses)??>\r\n	\"warningstatuses\":\"${zwavedevice.warningstatuses}\",\r\n</#if>\r\n<#if (zwavedevice.nuid)??>\r\n	\"nuid\":${zwavedevice.nuid},\r\n</#if>\r\n<#if (zwavedevice.applianceid)??>\r\n	\"applianceid\":\"${zwavedevice.applianceid}\",\r\n</#if>\r\n<#if eventtype??>\r\n	\"message\":\"${eventtype}\",\r\n</#if>\r\n<#if (zwavedevice.deviceid)??>\r\n	\"deviceid\":\"${zwavedevice.deviceid}\",\r\n</#if>\r\n<#if reporttime??>\r\n	\"reporttime\":${reporttime},\r\n</#if>\r\n<#if warningstatus??>\r\n	\"warningstatus\":${warningstatus},\r\n</#if>\r\n<#if (zwavedevice.name)??>\r\n	\"name\":\"${zwavedevice.name}\",\r\n</#if>\r\n<#if (zwavedevice.status)??>\r\n	\"status\":\"${zwavedevice.status}\",\r\n</#if>\r\n\r\n<#if (camera.majortype)??>\r\n	\"majortype\":\"${camera.majortype}\",\r\n</#if>\r\n<#if (camera.cameraid)??>\r\n	\"cameraid\":${camera.cameraid},\r\n</#if>\r\n<#if (camera.battery)??>\r\n	\"battery\":${camera.battery},\r\n</#if>\r\n<#if (camera.devicetype)??>\r\n	\"devicetype\":\"${camera.devicetype}\",\r\n</#if>\r\n<#if (camera.warningstatuses)??>\r\n	\"warningstatuses\":\"${camera.warningstatuses}\",\r\n</#if>\r\n<#if (camera.applianceid)??>\r\n	\"applianceid\":\"${camera.applianceid}\",\r\n</#if>\r\n<#if (camera.applianceuuid)??>\r\n	\"nuid\":${camera.applianceuuid},\r\n</#if>\r\n<#if (camera.applianceid)??>\r\n	\"applianceid\":\"${camera.applianceid}\",\r\n</#if>\r\n\r\n<#if (camera.deviceid)??>\r\n	\"deviceid\":\"${camera.deviceid}\",\r\n</#if>\r\n<#if (camera.name)??>\r\n	\"name\":\"${camera.name}\",\r\n</#if>\r\n<#if (camera.status)??>\r\n	\"status\":\"${camera.status}\",\r\n</#if>\r\n\"type\":\"warning\"\r\n}','2018-12-18 15:34:08','2018-12-19 11:58:23'),(234,0,91,'lockkeyerror','zh_CN',1,'{\r\n<#if (zwavedevice.majortype)??>\r\n	\"majortype\":\"${zwavedevice.majortype}\",\r\n</#if>\r\n<#if (zwavedevice.zwavedeviceid)??>\r\n	\"zwavedeviceid\":${zwavedevice.zwavedeviceid},\r\n</#if>\r\n<#if eventtime??>\r\n	\"eventtime\":${eventtime},\r\n</#if>\r\n<#if (zwavedevice.battery)??>\r\n	\"battery\":${zwavedevice.battery},\r\n</#if>\r\n<#if (zwavedevice.devicetype)??>\r\n	\"devicetype\":\"${zwavedevice.devicetype}\",\r\n</#if>\r\n<#if pushtime??>\r\n		\"pushtime\":${pushtime},\r\n</#if>\r\n<#if (zwavedevice.warningstatuses)??>\r\n	\"warningstatuses\":\"${zwavedevice.warningstatuses}\",\r\n</#if>\r\n<#if (zwavedevice.nuid)??>\r\n	\"nuid\":${zwavedevice.nuid},\r\n</#if>\r\n<#if (zwavedevice.applianceid)??>\r\n	\"applianceid\":\"${zwavedevice.applianceid}\",\r\n</#if>\r\n<#if eventtype??>\r\n	\"message\":\"${eventtype}\",\r\n</#if>\r\n<#if (zwavedevice.deviceid)??>\r\n	\"deviceid\":\"${zwavedevice.deviceid}\",\r\n</#if>\r\n<#if reporttime??>\r\n	\"reporttime\":${reporttime},\r\n</#if>\r\n<#if warningstatus??>\r\n	\"warningstatus\":${warningstatus},\r\n</#if>\r\n<#if (zwavedevice.name)??>\r\n	\"name\":\"${zwavedevice.name}\",\r\n</#if>\r\n<#if (zwavedevice.status)??>\r\n	\"status\":\"${zwavedevice.status}\",\r\n</#if>\r\n\r\n<#if (camera.majortype)??>\r\n	\"majortype\":\"${camera.majortype}\",\r\n</#if>\r\n<#if (camera.cameraid)??>\r\n	\"cameraid\":${camera.cameraid},\r\n</#if>\r\n<#if (camera.battery)??>\r\n	\"battery\":${camera.battery},\r\n</#if>\r\n<#if (camera.devicetype)??>\r\n	\"devicetype\":\"${camera.devicetype}\",\r\n</#if>\r\n<#if (camera.warningstatuses)??>\r\n	\"warningstatuses\":\"${camera.warningstatuses}\",\r\n</#if>\r\n<#if (camera.applianceid)??>\r\n	\"applianceid\":\"${camera.applianceid}\",\r\n</#if>\r\n<#if (camera.applianceuuid)??>\r\n	\"nuid\":${camera.applianceuuid},\r\n</#if>\r\n<#if (camera.applianceid)??>\r\n	\"applianceid\":\"${camera.applianceid}\",\r\n</#if>\r\n\r\n<#if (camera.deviceid)??>\r\n	\"deviceid\":\"${camera.deviceid}\",\r\n</#if>\r\n<#if (camera.name)??>\r\n	\"name\":\"${camera.name}\",\r\n</#if>\r\n<#if (camera.status)??>\r\n	\"status\":\"${camera.status}\",\r\n</#if>\r\n\"type\":\"warning\"\r\n}','2018-12-18 15:34:25','2018-12-19 11:58:46'),(235,0,92,'lockkeyevent','zh_CN',1,'{\r\n<#if (zwavedevice.majortype)??>\r\n	\"majortype\":\"${zwavedevice.majortype}\",\r\n</#if>\r\n<#if (zwavedevice.zwavedeviceid)??>\r\n	\"zwavedeviceid\":${zwavedevice.zwavedeviceid},\r\n</#if>\r\n<#if eventtime??>\r\n	\"eventtime\":${eventtime},\r\n</#if>\r\n<#if (zwavedevice.battery)??>\r\n	\"battery\":${zwavedevice.battery},\r\n</#if>\r\n<#if (zwavedevice.devicetype)??>\r\n	\"devicetype\":\"${zwavedevice.devicetype}\",\r\n</#if>\r\n<#if pushtime??>\r\n		\"pushtime\":${pushtime},\r\n</#if>\r\n<#if (zwavedevice.warningstatuses)??>\r\n	\"warningstatuses\":\"${zwavedevice.warningstatuses}\",\r\n</#if>\r\n<#if (zwavedevice.nuid)??>\r\n	\"nuid\":${zwavedevice.nuid},\r\n</#if>\r\n<#if (zwavedevice.applianceid)??>\r\n	\"applianceid\":\"${zwavedevice.applianceid}\",\r\n</#if>\r\n<#if eventtype??>\r\n	\"message\":\"${eventtype}\",\r\n</#if>\r\n<#if (zwavedevice.deviceid)??>\r\n	\"deviceid\":\"${zwavedevice.deviceid}\",\r\n</#if>\r\n<#if reporttime??>\r\n	\"reporttime\":${reporttime},\r\n</#if>\r\n<#if warningstatus??>\r\n	\"warningstatus\":${warningstatus},\r\n</#if>\r\n<#if (zwavedevice.name)??>\r\n	\"name\":\"${zwavedevice.name}\",\r\n</#if>\r\n<#if (zwavedevice.status)??>\r\n	\"status\":\"${zwavedevice.status}\",\r\n</#if>\r\n\r\n<#if (camera.majortype)??>\r\n	\"majortype\":\"${camera.majortype}\",\r\n</#if>\r\n<#if (camera.cameraid)??>\r\n	\"cameraid\":${camera.cameraid},\r\n</#if>\r\n<#if (camera.battery)??>\r\n	\"battery\":${camera.battery},\r\n</#if>\r\n<#if (camera.devicetype)??>\r\n	\"devicetype\":\"${camera.devicetype}\",\r\n</#if>\r\n<#if (camera.warningstatuses)??>\r\n	\"warningstatuses\":\"${camera.warningstatuses}\",\r\n</#if>\r\n<#if (camera.applianceid)??>\r\n	\"applianceid\":\"${camera.applianceid}\",\r\n</#if>\r\n<#if (camera.applianceuuid)??>\r\n	\"nuid\":${camera.applianceuuid},\r\n</#if>\r\n<#if (camera.applianceid)??>\r\n	\"applianceid\":\"${camera.applianceid}\",\r\n</#if>\r\n\r\n<#if (camera.deviceid)??>\r\n	\"deviceid\":\"${camera.deviceid}\",\r\n</#if>\r\n<#if (camera.name)??>\r\n	\"name\":\"${camera.name}\",\r\n</#if>\r\n<#if (camera.status)??>\r\n	\"status\":\"${camera.status}\",\r\n</#if>\r\n\"type\":\"warning\"\r\n}','2018-12-18 15:34:42','2018-12-19 11:59:03'),(236,0,93,'locklockerror','zh_CN',1,'{\r\n<#if (zwavedevice.majortype)??>\r\n	\"majortype\":\"${zwavedevice.majortype}\",\r\n</#if>\r\n<#if (zwavedevice.zwavedeviceid)??>\r\n	\"zwavedeviceid\":${zwavedevice.zwavedeviceid},\r\n</#if>\r\n<#if eventtime??>\r\n	\"eventtime\":${eventtime},\r\n</#if>\r\n<#if (zwavedevice.battery)??>\r\n	\"battery\":${zwavedevice.battery},\r\n</#if>\r\n<#if (zwavedevice.devicetype)??>\r\n	\"devicetype\":\"${zwavedevice.devicetype}\",\r\n</#if>\r\n<#if pushtime??>\r\n		\"pushtime\":${pushtime},\r\n</#if>\r\n<#if (zwavedevice.warningstatuses)??>\r\n	\"warningstatuses\":\"${zwavedevice.warningstatuses}\",\r\n</#if>\r\n<#if (zwavedevice.nuid)??>\r\n	\"nuid\":${zwavedevice.nuid},\r\n</#if>\r\n<#if (zwavedevice.applianceid)??>\r\n	\"applianceid\":\"${zwavedevice.applianceid}\",\r\n</#if>\r\n<#if eventtype??>\r\n	\"message\":\"${eventtype}\",\r\n</#if>\r\n<#if (zwavedevice.deviceid)??>\r\n	\"deviceid\":\"${zwavedevice.deviceid}\",\r\n</#if>\r\n<#if reporttime??>\r\n	\"reporttime\":${reporttime},\r\n</#if>\r\n<#if warningstatus??>\r\n	\"warningstatus\":${warningstatus},\r\n</#if>\r\n<#if (zwavedevice.name)??>\r\n	\"name\":\"${zwavedevice.name}\",\r\n</#if>\r\n<#if (zwavedevice.status)??>\r\n	\"status\":\"${zwavedevice.status}\",\r\n</#if>\r\n\r\n<#if (camera.majortype)??>\r\n	\"majortype\":\"${camera.majortype}\",\r\n</#if>\r\n<#if (camera.cameraid)??>\r\n	\"cameraid\":${camera.cameraid},\r\n</#if>\r\n<#if (camera.battery)??>\r\n	\"battery\":${camera.battery},\r\n</#if>\r\n<#if (camera.devicetype)??>\r\n	\"devicetype\":\"${camera.devicetype}\",\r\n</#if>\r\n<#if (camera.warningstatuses)??>\r\n	\"warningstatuses\":\"${camera.warningstatuses}\",\r\n</#if>\r\n<#if (camera.applianceid)??>\r\n	\"applianceid\":\"${camera.applianceid}\",\r\n</#if>\r\n<#if (camera.applianceuuid)??>\r\n	\"nuid\":${camera.applianceuuid},\r\n</#if>\r\n<#if (camera.applianceid)??>\r\n	\"applianceid\":\"${camera.applianceid}\",\r\n</#if>\r\n\r\n<#if (camera.deviceid)??>\r\n	\"deviceid\":\"${camera.deviceid}\",\r\n</#if>\r\n<#if (camera.name)??>\r\n	\"name\":\"${camera.name}\",\r\n</#if>\r\n<#if (camera.status)??>\r\n	\"status\":\"${camera.status}\",\r\n</#if>\r\n\"type\":\"warning\"\r\n}','2018-12-18 15:35:05','2018-12-19 11:59:20'),(237,0,94,'bulliedopenlock','zh_CN',1,'{\r\n<#if (zwavedevice.majortype)??>\r\n	\"majortype\":\"${zwavedevice.majortype}\",\r\n</#if>\r\n<#if (zwavedevice.zwavedeviceid)??>\r\n	\"zwavedeviceid\":${zwavedevice.zwavedeviceid},\r\n</#if>\r\n<#if eventtime??>\r\n	\"eventtime\":${eventtime},\r\n</#if>\r\n<#if (zwavedevice.battery)??>\r\n	\"battery\":${zwavedevice.battery},\r\n</#if>\r\n<#if (zwavedevice.devicetype)??>\r\n	\"devicetype\":\"${zwavedevice.devicetype}\",\r\n</#if>\r\n<#if pushtime??>\r\n		\"pushtime\":${pushtime},\r\n</#if>\r\n<#if (zwavedevice.warningstatuses)??>\r\n	\"warningstatuses\":\"${zwavedevice.warningstatuses}\",\r\n</#if>\r\n<#if (zwavedevice.nuid)??>\r\n	\"nuid\":${zwavedevice.nuid},\r\n</#if>\r\n<#if (zwavedevice.applianceid)??>\r\n	\"applianceid\":\"${zwavedevice.applianceid}\",\r\n</#if>\r\n<#if eventtype??>\r\n	\"message\":\"${eventtype}\",\r\n</#if>\r\n<#if (zwavedevice.deviceid)??>\r\n	\"deviceid\":\"${zwavedevice.deviceid}\",\r\n</#if>\r\n<#if reporttime??>\r\n	\"reporttime\":${reporttime},\r\n</#if>\r\n<#if warningstatus??>\r\n	\"warningstatus\":${warningstatus},\r\n</#if>\r\n<#if (zwavedevice.name)??>\r\n	\"name\":\"${zwavedevice.name}\",\r\n</#if>\r\n<#if (zwavedevice.status)??>\r\n	\"status\":\"${zwavedevice.status}\",\r\n</#if>\r\n\r\n<#if (camera.majortype)??>\r\n	\"majortype\":\"${camera.majortype}\",\r\n</#if>\r\n<#if (camera.cameraid)??>\r\n	\"cameraid\":${camera.cameraid},\r\n</#if>\r\n<#if (camera.battery)??>\r\n	\"battery\":${camera.battery},\r\n</#if>\r\n<#if (camera.devicetype)??>\r\n	\"devicetype\":\"${camera.devicetype}\",\r\n</#if>\r\n<#if (camera.warningstatuses)??>\r\n	\"warningstatuses\":\"${camera.warningstatuses}\",\r\n</#if>\r\n<#if (camera.applianceid)??>\r\n	\"applianceid\":\"${camera.applianceid}\",\r\n</#if>\r\n<#if (camera.applianceuuid)??>\r\n	\"nuid\":${camera.applianceuuid},\r\n</#if>\r\n<#if (camera.applianceid)??>\r\n	\"applianceid\":\"${camera.applianceid}\",\r\n</#if>\r\n\r\n<#if (camera.deviceid)??>\r\n	\"deviceid\":\"${camera.deviceid}\",\r\n</#if>\r\n<#if (camera.name)??>\r\n	\"name\":\"${camera.name}\",\r\n</#if>\r\n<#if (camera.status)??>\r\n	\"status\":\"${camera.status}\",\r\n</#if>\r\n\"type\":\"warning\"\r\n}','2018-12-18 15:35:28','2018-12-19 11:59:39'),(238,0,95,'dscalarm','zh_CN',1,'{\r\n<#if (zwavedevice.majortype)??>\r\n	\"majortype\":\"${zwavedevice.majortype}\",\r\n</#if>\r\n<#if (zwavedevice.zwavedeviceid)??>\r\n	\"zwavedeviceid\":${zwavedevice.zwavedeviceid},\r\n</#if>\r\n<#if eventtime??>\r\n	\"eventtime\":${eventtime},\r\n</#if>\r\n<#if (zwavedevice.battery)??>\r\n	\"battery\":${zwavedevice.battery},\r\n</#if>\r\n<#if (zwavedevice.devicetype)??>\r\n	\"devicetype\":\"${zwavedevice.devicetype}\",\r\n</#if>\r\n<#if pushtime??>\r\n		\"pushtime\":${pushtime},\r\n</#if>\r\n<#if (zwavedevice.warningstatuses)??>\r\n	\"warningstatuses\":\"${zwavedevice.warningstatuses}\",\r\n</#if>\r\n<#if (zwavedevice.nuid)??>\r\n	\"nuid\":${zwavedevice.nuid},\r\n</#if>\r\n<#if (zwavedevice.applianceid)??>\r\n	\"applianceid\":\"${zwavedevice.applianceid}\",\r\n</#if>\r\n<#if eventtype??>\r\n	\"message\":\"${eventtype}\",\r\n</#if>\r\n<#if (zwavedevice.deviceid)??>\r\n	\"deviceid\":\"${zwavedevice.deviceid}\",\r\n</#if>\r\n<#if reporttime??>\r\n	\"reporttime\":${reporttime},\r\n</#if>\r\n<#if warningstatus??>\r\n	\"warningstatus\":${warningstatus},\r\n</#if>\r\n<#if (zwavedevice.name)??>\r\n	\"name\":\"${zwavedevice.name}\",\r\n</#if>\r\n<#if (zwavedevice.status)??>\r\n	\"status\":\"${zwavedevice.status}\",\r\n</#if>\r\n\r\n<#if (camera.majortype)??>\r\n	\"majortype\":\"${camera.majortype}\",\r\n</#if>\r\n<#if (camera.cameraid)??>\r\n	\"cameraid\":${camera.cameraid},\r\n</#if>\r\n<#if (camera.battery)??>\r\n	\"battery\":${camera.battery},\r\n</#if>\r\n<#if (camera.devicetype)??>\r\n	\"devicetype\":\"${camera.devicetype}\",\r\n</#if>\r\n<#if (camera.warningstatuses)??>\r\n	\"warningstatuses\":\"${camera.warningstatuses}\",\r\n</#if>\r\n<#if (camera.applianceid)??>\r\n	\"applianceid\":\"${camera.applianceid}\",\r\n</#if>\r\n<#if (camera.applianceuuid)??>\r\n	\"nuid\":${camera.applianceuuid},\r\n</#if>\r\n<#if (camera.applianceid)??>\r\n	\"applianceid\":\"${camera.applianceid}\",\r\n</#if>\r\n\r\n<#if (camera.deviceid)??>\r\n	\"deviceid\":\"${camera.deviceid}\",\r\n</#if>\r\n<#if (camera.name)??>\r\n	\"name\":\"${camera.name}\",\r\n</#if>\r\n<#if (camera.status)??>\r\n	\"status\":\"${camera.status}\",\r\n</#if>\r\n\"type\":\"warning\"\r\n}','2018-12-18 15:36:42','2018-12-19 12:00:06'),(239,0,96,'movein','zh_CN',1,'{\r\n<#if (zwavedevice.majortype)??>\r\n	\"majortype\":\"${zwavedevice.majortype}\",\r\n</#if>\r\n<#if (zwavedevice.zwavedeviceid)??>\r\n	\"zwavedeviceid\":${zwavedevice.zwavedeviceid},\r\n</#if>\r\n<#if eventtime??>\r\n	\"eventtime\":${eventtime},\r\n</#if>\r\n<#if (zwavedevice.battery)??>\r\n	\"battery\":${zwavedevice.battery},\r\n</#if>\r\n<#if (zwavedevice.devicetype)??>\r\n	\"devicetype\":\"${zwavedevice.devicetype}\",\r\n</#if>\r\n<#if pushtime??>\r\n		\"pushtime\":${pushtime},\r\n</#if>\r\n<#if (zwavedevice.warningstatuses)??>\r\n	\"warningstatuses\":\"${zwavedevice.warningstatuses}\",\r\n</#if>\r\n<#if (zwavedevice.nuid)??>\r\n	\"nuid\":${zwavedevice.nuid},\r\n</#if>\r\n<#if (zwavedevice.applianceid)??>\r\n	\"applianceid\":\"${zwavedevice.applianceid}\",\r\n</#if>\r\n<#if eventtype??>\r\n	\"message\":\"${eventtype}\",\r\n</#if>\r\n<#if (zwavedevice.deviceid)??>\r\n	\"deviceid\":\"${zwavedevice.deviceid}\",\r\n</#if>\r\n<#if reporttime??>\r\n	\"reporttime\":${reporttime},\r\n</#if>\r\n<#if warningstatus??>\r\n	\"warningstatus\":${warningstatus},\r\n</#if>\r\n<#if (zwavedevice.name)??>\r\n	\"name\":\"${zwavedevice.name}\",\r\n</#if>\r\n<#if (zwavedevice.status)??>\r\n	\"status\":\"${zwavedevice.status}\",\r\n</#if>\r\n\r\n<#if (camera.majortype)??>\r\n	\"majortype\":\"${camera.majortype}\",\r\n</#if>\r\n<#if (camera.cameraid)??>\r\n	\"cameraid\":${camera.cameraid},\r\n</#if>\r\n<#if (camera.battery)??>\r\n	\"battery\":${camera.battery},\r\n</#if>\r\n<#if (camera.devicetype)??>\r\n	\"devicetype\":\"${camera.devicetype}\",\r\n</#if>\r\n<#if (camera.warningstatuses)??>\r\n	\"warningstatuses\":\"${camera.warningstatuses}\",\r\n</#if>\r\n<#if (camera.applianceid)??>\r\n	\"applianceid\":\"${camera.applianceid}\",\r\n</#if>\r\n<#if (camera.applianceuuid)??>\r\n	\"nuid\":${camera.applianceuuid},\r\n</#if>\r\n<#if (camera.applianceid)??>\r\n	\"applianceid\":\"${camera.applianceid}\",\r\n</#if>\r\n\r\n<#if (camera.deviceid)??>\r\n	\"deviceid\":\"${camera.deviceid}\",\r\n</#if>\r\n<#if (camera.name)??>\r\n	\"name\":\"${camera.name}\",\r\n</#if>\r\n<#if (camera.status)??>\r\n	\"status\":\"${camera.status}\",\r\n</#if>\r\n\"type\":\"warning\"\r\n}','2018-12-18 15:37:03','2018-12-19 13:34:28'),(240,0,97,'malfunction','zh_CN',1,'{\r\n<#if (zwavedevice.majortype)??>\r\n	\"majortype\":\"${zwavedevice.majortype}\",\r\n</#if>\r\n<#if (zwavedevice.zwavedeviceid)??>\r\n	\"zwavedeviceid\":${zwavedevice.zwavedeviceid},\r\n</#if>\r\n<#if eventtime??>\r\n	\"eventtime\":${eventtime},\r\n</#if>\r\n<#if (zwavedevice.battery)??>\r\n	\"battery\":${zwavedevice.battery},\r\n</#if>\r\n<#if (zwavedevice.devicetype)??>\r\n	\"devicetype\":\"${zwavedevice.devicetype}\",\r\n</#if>\r\n<#if pushtime??>\r\n		\"pushtime\":${pushtime},\r\n</#if>\r\n<#if (zwavedevice.warningstatuses)??>\r\n	\"warningstatuses\":\"${zwavedevice.warningstatuses}\",\r\n</#if>\r\n<#if (zwavedevice.nuid)??>\r\n	\"nuid\":${zwavedevice.nuid},\r\n</#if>\r\n<#if (zwavedevice.applianceid)??>\r\n	\"applianceid\":\"${zwavedevice.applianceid}\",\r\n</#if>\r\n<#if eventtype??>\r\n	\"message\":\"${eventtype}\",\r\n</#if>\r\n<#if (zwavedevice.deviceid)??>\r\n	\"deviceid\":\"${zwavedevice.deviceid}\",\r\n</#if>\r\n<#if reporttime??>\r\n	\"reporttime\":${reporttime},\r\n</#if>\r\n<#if warningstatus??>\r\n	\"warningstatus\":${warningstatus},\r\n</#if>\r\n<#if (zwavedevice.name)??>\r\n	\"name\":\"${zwavedevice.name}\",\r\n</#if>\r\n<#if (zwavedevice.status)??>\r\n	\"status\":\"${zwavedevice.status}\",\r\n</#if>\r\n\r\n<#if (camera.majortype)??>\r\n	\"majortype\":\"${camera.majortype}\",\r\n</#if>\r\n<#if (camera.cameraid)??>\r\n	\"cameraid\":${camera.cameraid},\r\n</#if>\r\n<#if (camera.battery)??>\r\n	\"battery\":${camera.battery},\r\n</#if>\r\n<#if (camera.devicetype)??>\r\n	\"devicetype\":\"${camera.devicetype}\",\r\n</#if>\r\n<#if (camera.warningstatuses)??>\r\n	\"warningstatuses\":\"${camera.warningstatuses}\",\r\n</#if>\r\n<#if (camera.applianceid)??>\r\n	\"applianceid\":\"${camera.applianceid}\",\r\n</#if>\r\n<#if (camera.applianceuuid)??>\r\n	\"nuid\":${camera.applianceuuid},\r\n</#if>\r\n<#if (camera.applianceid)??>\r\n	\"applianceid\":\"${camera.applianceid}\",\r\n</#if>\r\n\r\n<#if (camera.deviceid)??>\r\n	\"deviceid\":\"${camera.deviceid}\",\r\n</#if>\r\n<#if (camera.name)??>\r\n	\"name\":\"${camera.name}\",\r\n</#if>\r\n<#if (camera.status)??>\r\n	\"status\":\"${camera.status}\",\r\n</#if>\r\n\"type\":\"warning\"\r\n}','2018-12-18 15:37:17','2018-12-19 13:34:54'),(241,0,98,'lowbattery','zh_CN',1,'{\r\n<#if (zwavedevice.majortype)??>\r\n	\"majortype\":\"${zwavedevice.majortype}\",\r\n</#if>\r\n<#if (zwavedevice.zwavedeviceid)??>\r\n	\"zwavedeviceid\":${zwavedevice.zwavedeviceid},\r\n</#if>\r\n<#if eventtime??>\r\n	\"eventtime\":${eventtime},\r\n</#if>\r\n<#if (zwavedevice.battery)??>\r\n	\"battery\":${zwavedevice.battery},\r\n</#if>\r\n<#if (zwavedevice.devicetype)??>\r\n	\"devicetype\":\"${zwavedevice.devicetype}\",\r\n</#if>\r\n<#if pushtime??>\r\n		\"pushtime\":${pushtime},\r\n</#if>\r\n<#if (zwavedevice.warningstatuses)??>\r\n	\"warningstatuses\":\"${zwavedevice.warningstatuses}\",\r\n</#if>\r\n<#if (zwavedevice.nuid)??>\r\n	\"nuid\":${zwavedevice.nuid},\r\n</#if>\r\n<#if (zwavedevice.applianceid)??>\r\n	\"applianceid\":\"${zwavedevice.applianceid}\",\r\n</#if>\r\n<#if eventtype??>\r\n	\"message\":\"${eventtype}\",\r\n</#if>\r\n<#if (zwavedevice.deviceid)??>\r\n	\"deviceid\":\"${zwavedevice.deviceid}\",\r\n</#if>\r\n<#if reporttime??>\r\n	\"reporttime\":${reporttime},\r\n</#if>\r\n<#if warningstatus??>\r\n	\"warningstatus\":${warningstatus},\r\n</#if>\r\n<#if (zwavedevice.name)??>\r\n	\"name\":\"${zwavedevice.name}\",\r\n</#if>\r\n<#if (zwavedevice.status)??>\r\n	\"status\":\"${zwavedevice.status}\",\r\n</#if>\r\n\r\n<#if (camera.majortype)??>\r\n	\"majortype\":\"${camera.majortype}\",\r\n</#if>\r\n<#if (camera.cameraid)??>\r\n	\"cameraid\":${camera.cameraid},\r\n</#if>\r\n<#if (camera.battery)??>\r\n	\"battery\":${camera.battery},\r\n</#if>\r\n<#if (camera.devicetype)??>\r\n	\"devicetype\":\"${camera.devicetype}\",\r\n</#if>\r\n<#if (camera.warningstatuses)??>\r\n	\"warningstatuses\":\"${camera.warningstatuses}\",\r\n</#if>\r\n<#if (camera.applianceid)??>\r\n	\"applianceid\":\"${camera.applianceid}\",\r\n</#if>\r\n<#if (camera.applianceuuid)??>\r\n	\"nuid\":${camera.applianceuuid},\r\n</#if>\r\n<#if (camera.applianceid)??>\r\n	\"applianceid\":\"${camera.applianceid}\",\r\n</#if>\r\n\r\n<#if (camera.deviceid)??>\r\n	\"deviceid\":\"${camera.deviceid}\",\r\n</#if>\r\n<#if (camera.name)??>\r\n	\"name\":\"${camera.name}\",\r\n</#if>\r\n<#if (camera.status)??>\r\n	\"status\":\"${camera.status}\",\r\n</#if>\r\n\"type\":\"warning\"\r\n}','2018-12-18 15:37:32','2018-12-19 13:35:19'),(242,0,115,'unalarmdscalarm','zh_CN',1,'{\r\n<#if (zwavedevice.majortype)??>\r\n	\"majortype\":\"${zwavedevice.majortype}\",\r\n</#if>\r\n<#if (zwavedevice.zwavedeviceid)??>\r\n	\"zwavedeviceid\":${zwavedevice.zwavedeviceid},\r\n</#if>\r\n<#if (zwavedevice.devicetype)??>\r\n	\"devicetype\":\"${zwavedevice.devicetype}\",\r\n</#if>\r\n<#if pushtime??>\r\n	\"pushtime\":${pushtime},\r\n</#if>\r\n<#if (zwavedevice.nuid)??>\r\n	\"nuid\":${zwavedevice.nuid},\r\n</#if>\r\n<#if (zwavedevice.deviceid)??>\r\n	\"deviceid\":\"${zwavedevice.deviceid}\",\r\n</#if>\r\n<#if (zwavedevice.name)??>\r\n	\"name\":\"${zwavedevice.name}\",\r\n</#if>\r\n\r\n<#if (camera.majortype)??>\r\n	\"majortype\":\"${camera.majortype}\",\r\n</#if>\r\n<#if (camera.cameraid)??>\r\n	\"cameraid\":${camera.cameraid},\r\n</#if>\r\n<#if (camera.devicetype)??>\r\n	\"devicetype\":\"${camera.devicetype}\",\r\n</#if>\r\n<#if (camera.applianceuuid)??>\r\n	\"nuid\":${camera.applianceuuid},\r\n</#if>\r\n<#if (camera.deviceid)??>\r\n	\"deviceid\":\"${camera.deviceid}\",\r\n</#if>\r\n<#if (camera.name)??>\r\n	\"name\":\"${camera.name}\",\r\n</#if>\r\n\r\n<#if (gateway.phoneuserid)??>\r\n	\"phoneuserid\":${gateway.phoneuserid},\r\n</#if>\r\n<#if eventtype??>\r\n	\"message\":\"${eventtype}\",\r\n</#if>\r\n<#if unalarmphonenumber??>\r\n	\"unalarmphonenumber\":\"${unalarmphonenumber}\",\r\n</#if>\r\n<#if unalarmphoneuserid??>\r\n	\"unalarmphoneuserid\":${unalarmphoneuserid},\r\n</#if>\r\n<#if reporttime??>\r\n	\"reporttime\":${reporttime},\r\n</#if>\r\n\"type\":\"warning\"\r\n}','2018-12-18 15:38:14','2018-12-18 15:38:14'),(243,0,114,'unalarmcameradectectmove','zh_CN',1,'{\r\n<#if (zwavedevice.majortype)??>\r\n	\"majortype\":\"${zwavedevice.majortype}\",\r\n</#if>\r\n<#if (zwavedevice.zwavedeviceid)??>\r\n	\"zwavedeviceid\":${zwavedevice.zwavedeviceid},\r\n</#if>\r\n<#if (zwavedevice.devicetype)??>\r\n	\"devicetype\":\"${zwavedevice.devicetype}\",\r\n</#if>\r\n<#if pushtime??>\r\n	\"pushtime\":${pushtime},\r\n</#if>\r\n<#if (zwavedevice.nuid)??>\r\n	\"nuid\":${zwavedevice.nuid},\r\n</#if>\r\n<#if (zwavedevice.deviceid)??>\r\n	\"deviceid\":\"${zwavedevice.deviceid}\",\r\n</#if>\r\n<#if (zwavedevice.name)??>\r\n	\"name\":\"${zwavedevice.name}\",\r\n</#if>\r\n\r\n<#if (camera.majortype)??>\r\n	\"majortype\":\"${camera.majortype}\",\r\n</#if>\r\n<#if (camera.cameraid)??>\r\n	\"cameraid\":${camera.cameraid},\r\n</#if>\r\n<#if (camera.devicetype)??>\r\n	\"devicetype\":\"${camera.devicetype}\",\r\n</#if>\r\n<#if (camera.applianceuuid)??>\r\n	\"nuid\":${camera.applianceuuid},\r\n</#if>\r\n<#if (camera.deviceid)??>\r\n	\"deviceid\":\"${camera.deviceid}\",\r\n</#if>\r\n<#if (camera.name)??>\r\n	\"name\":\"${camera.name}\",\r\n</#if>\r\n\r\n<#if (gateway.phoneuserid)??>\r\n	\"phoneuserid\":${gateway.phoneuserid},\r\n</#if>\r\n<#if eventtype??>\r\n	\"message\":\"${eventtype}\",\r\n</#if>\r\n<#if unalarmphonenumber??>\r\n	\"unalarmphonenumber\":\"${unalarmphonenumber}\",\r\n</#if>\r\n<#if unalarmphoneuserid??>\r\n	\"unalarmphoneuserid\":${unalarmphoneuserid},\r\n</#if>\r\n<#if reporttime??>\r\n	\"reporttime\":${reporttime},\r\n</#if>\r\n\"type\":\"warning\"\r\n}','2018-12-18 15:38:39','2018-12-18 15:38:39'),(244,0,112,'unalarmlockkeyevent','zh_CN',1,'{\r\n<#if (zwavedevice.majortype)??>\r\n	\"majortype\":\"${zwavedevice.majortype}\",\r\n</#if>\r\n<#if (zwavedevice.zwavedeviceid)??>\r\n	\"zwavedeviceid\":${zwavedevice.zwavedeviceid},\r\n</#if>\r\n<#if (zwavedevice.devicetype)??>\r\n	\"devicetype\":\"${zwavedevice.devicetype}\",\r\n</#if>\r\n<#if pushtime??>\r\n	\"pushtime\":${pushtime},\r\n</#if>\r\n<#if (zwavedevice.nuid)??>\r\n	\"nuid\":${zwavedevice.nuid},\r\n</#if>\r\n<#if (zwavedevice.deviceid)??>\r\n	\"deviceid\":\"${zwavedevice.deviceid}\",\r\n</#if>\r\n<#if (zwavedevice.name)??>\r\n	\"name\":\"${zwavedevice.name}\",\r\n</#if>\r\n\r\n<#if (camera.majortype)??>\r\n	\"majortype\":\"${camera.majortype}\",\r\n</#if>\r\n<#if (camera.cameraid)??>\r\n	\"cameraid\":${camera.cameraid},\r\n</#if>\r\n<#if (camera.devicetype)??>\r\n	\"devicetype\":\"${camera.devicetype}\",\r\n</#if>\r\n<#if (camera.applianceuuid)??>\r\n	\"nuid\":${camera.applianceuuid},\r\n</#if>\r\n<#if (camera.deviceid)??>\r\n	\"deviceid\":\"${camera.deviceid}\",\r\n</#if>\r\n<#if (camera.name)??>\r\n	\"name\":\"${camera.name}\",\r\n</#if>\r\n\r\n<#if (gateway.phoneuserid)??>\r\n	\"phoneuserid\":${gateway.phoneuserid},\r\n</#if>\r\n<#if eventtype??>\r\n	\"message\":\"${eventtype}\",\r\n</#if>\r\n<#if unalarmphonenumber??>\r\n	\"unalarmphonenumber\":\"${unalarmphonenumber}\",\r\n</#if>\r\n<#if unalarmphoneuserid??>\r\n	\"unalarmphoneuserid\":${unalarmphoneuserid},\r\n</#if>\r\n<#if reporttime??>\r\n	\"reporttime\":${reporttime},\r\n</#if>\r\n\"type\":\"warning\"\r\n}','2018-12-18 15:39:06','2018-12-18 15:39:06'),(245,0,111,'unalarmlocklockerror','zh_CN',1,'{\r\n<#if (zwavedevice.majortype)??>\r\n	\"majortype\":\"${zwavedevice.majortype}\",\r\n</#if>\r\n<#if (zwavedevice.zwavedeviceid)??>\r\n	\"zwavedeviceid\":${zwavedevice.zwavedeviceid},\r\n</#if>\r\n<#if (zwavedevice.devicetype)??>\r\n	\"devicetype\":\"${zwavedevice.devicetype}\",\r\n</#if>\r\n<#if pushtime??>\r\n	\"pushtime\":${pushtime},\r\n</#if>\r\n<#if (zwavedevice.nuid)??>\r\n	\"nuid\":${zwavedevice.nuid},\r\n</#if>\r\n<#if (zwavedevice.deviceid)??>\r\n	\"deviceid\":\"${zwavedevice.deviceid}\",\r\n</#if>\r\n<#if (zwavedevice.name)??>\r\n	\"name\":\"${zwavedevice.name}\",\r\n</#if>\r\n\r\n<#if (camera.majortype)??>\r\n	\"majortype\":\"${camera.majortype}\",\r\n</#if>\r\n<#if (camera.cameraid)??>\r\n	\"cameraid\":${camera.cameraid},\r\n</#if>\r\n<#if (camera.devicetype)??>\r\n	\"devicetype\":\"${camera.devicetype}\",\r\n</#if>\r\n<#if (camera.applianceuuid)??>\r\n	\"nuid\":${camera.applianceuuid},\r\n</#if>\r\n<#if (camera.deviceid)??>\r\n	\"deviceid\":\"${camera.deviceid}\",\r\n</#if>\r\n<#if (camera.name)??>\r\n	\"name\":\"${camera.name}\",\r\n</#if>\r\n\r\n<#if (gateway.phoneuserid)??>\r\n	\"phoneuserid\":${gateway.phoneuserid},\r\n</#if>\r\n<#if eventtype??>\r\n	\"message\":\"${eventtype}\",\r\n</#if>\r\n<#if unalarmphonenumber??>\r\n	\"unalarmphonenumber\":\"${unalarmphonenumber}\",\r\n</#if>\r\n<#if unalarmphoneuserid??>\r\n	\"unalarmphoneuserid\":${unalarmphoneuserid},\r\n</#if>\r\n<#if reporttime??>\r\n	\"reporttime\":${reporttime},\r\n</#if>\r\n\"type\":\"warning\"\r\n}','2018-12-18 15:39:31','2018-12-18 15:39:31'),(246,0,110,'unalarmbulliedopenlock','zh_CN',1,'{\r\n<#if (zwavedevice.majortype)??>\r\n	\"majortype\":\"${zwavedevice.majortype}\",\r\n</#if>\r\n<#if (zwavedevice.zwavedeviceid)??>\r\n	\"zwavedeviceid\":${zwavedevice.zwavedeviceid},\r\n</#if>\r\n<#if (zwavedevice.devicetype)??>\r\n	\"devicetype\":\"${zwavedevice.devicetype}\",\r\n</#if>\r\n<#if pushtime??>\r\n	\"pushtime\":${pushtime},\r\n</#if>\r\n<#if (zwavedevice.nuid)??>\r\n	\"nuid\":${zwavedevice.nuid},\r\n</#if>\r\n<#if (zwavedevice.deviceid)??>\r\n	\"deviceid\":\"${zwavedevice.deviceid}\",\r\n</#if>\r\n<#if (zwavedevice.name)??>\r\n	\"name\":\"${zwavedevice.name}\",\r\n</#if>\r\n\r\n<#if (camera.majortype)??>\r\n	\"majortype\":\"${camera.majortype}\",\r\n</#if>\r\n<#if (camera.cameraid)??>\r\n	\"cameraid\":${camera.cameraid},\r\n</#if>\r\n<#if (camera.devicetype)??>\r\n	\"devicetype\":\"${camera.devicetype}\",\r\n</#if>\r\n<#if (camera.applianceuuid)??>\r\n	\"nuid\":${camera.applianceuuid},\r\n</#if>\r\n<#if (camera.deviceid)??>\r\n	\"deviceid\":\"${camera.deviceid}\",\r\n</#if>\r\n<#if (camera.name)??>\r\n	\"name\":\"${camera.name}\",\r\n</#if>\r\n\r\n<#if (gateway.phoneuserid)??>\r\n	\"phoneuserid\":${gateway.phoneuserid},\r\n</#if>\r\n<#if eventtype??>\r\n	\"message\":\"${eventtype}\",\r\n</#if>\r\n<#if unalarmphonenumber??>\r\n	\"unalarmphonenumber\":\"${unalarmphonenumber}\",\r\n</#if>\r\n<#if unalarmphoneuserid??>\r\n	\"unalarmphoneuserid\":${unalarmphoneuserid},\r\n</#if>\r\n<#if reporttime??>\r\n	\"reporttime\":${reporttime},\r\n</#if>\r\n\"type\":\"warning\"\r\n}','2018-12-18 15:39:45','2018-12-18 15:39:45'),(247,0,109,'unalarmdoorlockopen','zh_CN',1,'{\r\n<#if (zwavedevice.majortype)??>\r\n	\"majortype\":\"${zwavedevice.majortype}\",\r\n</#if>\r\n<#if (zwavedevice.zwavedeviceid)??>\r\n	\"zwavedeviceid\":${zwavedevice.zwavedeviceid},\r\n</#if>\r\n<#if (zwavedevice.devicetype)??>\r\n	\"devicetype\":\"${zwavedevice.devicetype}\",\r\n</#if>\r\n<#if pushtime??>\r\n	\"pushtime\":${pushtime},\r\n</#if>\r\n<#if (zwavedevice.nuid)??>\r\n	\"nuid\":${zwavedevice.nuid},\r\n</#if>\r\n<#if (zwavedevice.deviceid)??>\r\n	\"deviceid\":\"${zwavedevice.deviceid}\",\r\n</#if>\r\n<#if (zwavedevice.name)??>\r\n	\"name\":\"${zwavedevice.name}\",\r\n</#if>\r\n\r\n<#if (camera.majortype)??>\r\n	\"majortype\":\"${camera.majortype}\",\r\n</#if>\r\n<#if (camera.cameraid)??>\r\n	\"cameraid\":${camera.cameraid},\r\n</#if>\r\n<#if (camera.devicetype)??>\r\n	\"devicetype\":\"${camera.devicetype}\",\r\n</#if>\r\n<#if (camera.applianceuuid)??>\r\n	\"nuid\":${camera.applianceuuid},\r\n</#if>\r\n<#if (camera.deviceid)??>\r\n	\"deviceid\":\"${camera.deviceid}\",\r\n</#if>\r\n<#if (camera.name)??>\r\n	\"name\":\"${camera.name}\",\r\n</#if>\r\n\r\n<#if (gateway.phoneuserid)??>\r\n	\"phoneuserid\":${gateway.phoneuserid},\r\n</#if>\r\n<#if eventtype??>\r\n	\"message\":\"${eventtype}\",\r\n</#if>\r\n<#if unalarmphonenumber??>\r\n	\"unalarmphonenumber\":\"${unalarmphonenumber}\",\r\n</#if>\r\n<#if unalarmphoneuserid??>\r\n	\"unalarmphoneuserid\":${unalarmphoneuserid},\r\n</#if>\r\n<#if reporttime??>\r\n	\"reporttime\":${reporttime},\r\n</#if>\r\n\"type\":\"warning\"\r\n}','2018-12-18 15:40:00','2018-12-18 15:40:00'),(248,0,108,'unalarmdooropen','zh_CN',1,'{\r\n<#if (zwavedevice.majortype)??>\r\n	\"majortype\":\"${zwavedevice.majortype}\",\r\n</#if>\r\n<#if (zwavedevice.zwavedeviceid)??>\r\n	\"zwavedeviceid\":${zwavedevice.zwavedeviceid},\r\n</#if>\r\n<#if (zwavedevice.devicetype)??>\r\n	\"devicetype\":\"${zwavedevice.devicetype}\",\r\n</#if>\r\n<#if pushtime??>\r\n	\"pushtime\":${pushtime},\r\n</#if>\r\n<#if (zwavedevice.nuid)??>\r\n	\"nuid\":${zwavedevice.nuid},\r\n</#if>\r\n<#if (zwavedevice.deviceid)??>\r\n	\"deviceid\":\"${zwavedevice.deviceid}\",\r\n</#if>\r\n<#if (zwavedevice.name)??>\r\n	\"name\":\"${zwavedevice.name}\",\r\n</#if>\r\n\r\n<#if (camera.majortype)??>\r\n	\"majortype\":\"${camera.majortype}\",\r\n</#if>\r\n<#if (camera.cameraid)??>\r\n	\"cameraid\":${camera.cameraid},\r\n</#if>\r\n<#if (camera.devicetype)??>\r\n	\"devicetype\":\"${camera.devicetype}\",\r\n</#if>\r\n<#if (camera.applianceuuid)??>\r\n	\"nuid\":${camera.applianceuuid},\r\n</#if>\r\n<#if (camera.deviceid)??>\r\n	\"deviceid\":\"${camera.deviceid}\",\r\n</#if>\r\n<#if (camera.name)??>\r\n	\"name\":\"${camera.name}\",\r\n</#if>\r\n\r\n<#if (gateway.phoneuserid)??>\r\n	\"phoneuserid\":${gateway.phoneuserid},\r\n</#if>\r\n<#if eventtype??>\r\n	\"message\":\"${eventtype}\",\r\n</#if>\r\n<#if unalarmphonenumber??>\r\n	\"unalarmphonenumber\":\"${unalarmphonenumber}\",\r\n</#if>\r\n<#if unalarmphoneuserid??>\r\n	\"unalarmphoneuserid\":${unalarmphoneuserid},\r\n</#if>\r\n<#if reporttime??>\r\n	\"reporttime\":${reporttime},\r\n</#if>\r\n\"type\":\"warning\"\r\n}','2018-12-18 15:40:17','2018-12-18 15:40:17'),(249,0,107,'unalarmmovein','zh_CN',1,'{\r\n<#if (zwavedevice.majortype)??>\r\n	\"majortype\":\"${zwavedevice.majortype}\",\r\n</#if>\r\n<#if (zwavedevice.zwavedeviceid)??>\r\n	\"zwavedeviceid\":${zwavedevice.zwavedeviceid},\r\n</#if>\r\n<#if (zwavedevice.devicetype)??>\r\n	\"devicetype\":\"${zwavedevice.devicetype}\",\r\n</#if>\r\n<#if pushtime??>\r\n	\"pushtime\":${pushtime},\r\n</#if>\r\n<#if (zwavedevice.nuid)??>\r\n	\"nuid\":${zwavedevice.nuid},\r\n</#if>\r\n<#if (zwavedevice.deviceid)??>\r\n	\"deviceid\":\"${zwavedevice.deviceid}\",\r\n</#if>\r\n<#if (zwavedevice.name)??>\r\n	\"name\":\"${zwavedevice.name}\",\r\n</#if>\r\n\r\n<#if (camera.majortype)??>\r\n	\"majortype\":\"${camera.majortype}\",\r\n</#if>\r\n<#if (camera.cameraid)??>\r\n	\"cameraid\":${camera.cameraid},\r\n</#if>\r\n<#if (camera.devicetype)??>\r\n	\"devicetype\":\"${camera.devicetype}\",\r\n</#if>\r\n<#if (camera.applianceuuid)??>\r\n	\"nuid\":${camera.applianceuuid},\r\n</#if>\r\n<#if (camera.deviceid)??>\r\n	\"deviceid\":\"${camera.deviceid}\",\r\n</#if>\r\n<#if (camera.name)??>\r\n	\"name\":\"${camera.name}\",\r\n</#if>\r\n\r\n<#if (gateway.phoneuserid)??>\r\n	\"phoneuserid\":${gateway.phoneuserid},\r\n</#if>\r\n<#if eventtype??>\r\n	\"message\":\"${eventtype}\",\r\n</#if>\r\n<#if unalarmphonenumber??>\r\n	\"unalarmphonenumber\":\"${unalarmphonenumber}\",\r\n</#if>\r\n<#if unalarmphoneuserid??>\r\n	\"unalarmphoneuserid\":${unalarmphoneuserid},\r\n</#if>\r\n<#if reporttime??>\r\n	\"reporttime\":${reporttime},\r\n</#if>\r\n\"type\":\"warning\"\r\n}','2018-12-18 15:40:35','2018-12-18 15:40:35'),(250,0,106,'unalarmlockkeyerror','zh_CN',1,'{\r\n<#if (zwavedevice.majortype)??>\r\n	\"majortype\":\"${zwavedevice.majortype}\",\r\n</#if>\r\n<#if (zwavedevice.zwavedeviceid)??>\r\n	\"zwavedeviceid\":${zwavedevice.zwavedeviceid},\r\n</#if>\r\n<#if (zwavedevice.devicetype)??>\r\n	\"devicetype\":\"${zwavedevice.devicetype}\",\r\n</#if>\r\n<#if pushtime??>\r\n	\"pushtime\":${pushtime},\r\n</#if>\r\n<#if (zwavedevice.nuid)??>\r\n	\"nuid\":${zwavedevice.nuid},\r\n</#if>\r\n<#if (zwavedevice.deviceid)??>\r\n	\"deviceid\":\"${zwavedevice.deviceid}\",\r\n</#if>\r\n<#if (zwavedevice.name)??>\r\n	\"name\":\"${zwavedevice.name}\",\r\n</#if>\r\n\r\n<#if (camera.majortype)??>\r\n	\"majortype\":\"${camera.majortype}\",\r\n</#if>\r\n<#if (camera.cameraid)??>\r\n	\"cameraid\":${camera.cameraid},\r\n</#if>\r\n<#if (camera.devicetype)??>\r\n	\"devicetype\":\"${camera.devicetype}\",\r\n</#if>\r\n<#if (camera.applianceuuid)??>\r\n	\"nuid\":${camera.applianceuuid},\r\n</#if>\r\n<#if (camera.deviceid)??>\r\n	\"deviceid\":\"${camera.deviceid}\",\r\n</#if>\r\n<#if (camera.name)??>\r\n	\"name\":\"${camera.name}\",\r\n</#if>\r\n\r\n<#if (gateway.phoneuserid)??>\r\n	\"phoneuserid\":${gateway.phoneuserid},\r\n</#if>\r\n<#if eventtype??>\r\n	\"message\":\"${eventtype}\",\r\n</#if>\r\n<#if unalarmphonenumber??>\r\n	\"unalarmphonenumber\":\"${unalarmphonenumber}\",\r\n</#if>\r\n<#if unalarmphoneuserid??>\r\n	\"unalarmphoneuserid\":${unalarmphoneuserid},\r\n</#if>\r\n<#if reporttime??>\r\n	\"reporttime\":${reporttime},\r\n</#if>\r\n\"type\":\"warning\"\r\n}','2018-12-18 15:40:48','2018-12-18 15:40:48'),(251,0,105,'unalarmpassworderror5times','zh_CN',1,'{\r\n<#if (zwavedevice.majortype)??>\r\n	\"majortype\":\"${zwavedevice.majortype}\",\r\n</#if>\r\n<#if (zwavedevice.zwavedeviceid)??>\r\n	\"zwavedeviceid\":${zwavedevice.zwavedeviceid},\r\n</#if>\r\n<#if (zwavedevice.devicetype)??>\r\n	\"devicetype\":\"${zwavedevice.devicetype}\",\r\n</#if>\r\n<#if pushtime??>\r\n	\"pushtime\":${pushtime},\r\n</#if>\r\n<#if (zwavedevice.nuid)??>\r\n	\"nuid\":${zwavedevice.nuid},\r\n</#if>\r\n<#if (zwavedevice.deviceid)??>\r\n	\"deviceid\":\"${zwavedevice.deviceid}\",\r\n</#if>\r\n<#if (zwavedevice.name)??>\r\n	\"name\":\"${zwavedevice.name}\",\r\n</#if>\r\n\r\n<#if (camera.majortype)??>\r\n	\"majortype\":\"${camera.majortype}\",\r\n</#if>\r\n<#if (camera.cameraid)??>\r\n	\"cameraid\":${camera.cameraid},\r\n</#if>\r\n<#if (camera.devicetype)??>\r\n	\"devicetype\":\"${camera.devicetype}\",\r\n</#if>\r\n<#if (camera.applianceuuid)??>\r\n	\"nuid\":${camera.applianceuuid},\r\n</#if>\r\n<#if (camera.deviceid)??>\r\n	\"deviceid\":\"${camera.deviceid}\",\r\n</#if>\r\n<#if (camera.name)??>\r\n	\"name\":\"${camera.name}\",\r\n</#if>\r\n\r\n<#if (gateway.phoneuserid)??>\r\n	\"phoneuserid\":${gateway.phoneuserid},\r\n</#if>\r\n<#if eventtype??>\r\n	\"message\":\"${eventtype}\",\r\n</#if>\r\n<#if unalarmphonenumber??>\r\n	\"unalarmphonenumber\":\"${unalarmphonenumber}\",\r\n</#if>\r\n<#if unalarmphoneuserid??>\r\n	\"unalarmphoneuserid\":${unalarmphoneuserid},\r\n</#if>\r\n<#if reporttime??>\r\n	\"reporttime\":${reporttime},\r\n</#if>\r\n\"type\":\"warning\"\r\n}','2018-12-18 15:41:05','2018-12-18 15:41:05'),(252,0,104,'unalarmwaterleak','zh_CN',1,'{\r\n<#if (zwavedevice.majortype)??>\r\n	\"majortype\":\"${zwavedevice.majortype}\",\r\n</#if>\r\n<#if (zwavedevice.zwavedeviceid)??>\r\n	\"zwavedeviceid\":${zwavedevice.zwavedeviceid},\r\n</#if>\r\n<#if (zwavedevice.devicetype)??>\r\n	\"devicetype\":\"${zwavedevice.devicetype}\",\r\n</#if>\r\n<#if pushtime??>\r\n	\"pushtime\":${pushtime},\r\n</#if>\r\n<#if (zwavedevice.nuid)??>\r\n	\"nuid\":${zwavedevice.nuid},\r\n</#if>\r\n<#if (zwavedevice.deviceid)??>\r\n	\"deviceid\":\"${zwavedevice.deviceid}\",\r\n</#if>\r\n<#if (zwavedevice.name)??>\r\n	\"name\":\"${zwavedevice.name}\",\r\n</#if>\r\n\r\n<#if (camera.majortype)??>\r\n	\"majortype\":\"${camera.majortype}\",\r\n</#if>\r\n<#if (camera.cameraid)??>\r\n	\"cameraid\":${camera.cameraid},\r\n</#if>\r\n<#if (camera.devicetype)??>\r\n	\"devicetype\":\"${camera.devicetype}\",\r\n</#if>\r\n<#if (camera.applianceuuid)??>\r\n	\"nuid\":${camera.applianceuuid},\r\n</#if>\r\n<#if (camera.deviceid)??>\r\n	\"deviceid\":\"${camera.deviceid}\",\r\n</#if>\r\n<#if (camera.name)??>\r\n	\"name\":\"${camera.name}\",\r\n</#if>\r\n\r\n<#if (gateway.phoneuserid)??>\r\n	\"phoneuserid\":${gateway.phoneuserid},\r\n</#if>\r\n<#if eventtype??>\r\n	\"message\":\"${eventtype}\",\r\n</#if>\r\n<#if unalarmphonenumber??>\r\n	\"unalarmphonenumber\":\"${unalarmphonenumber}\",\r\n</#if>\r\n<#if unalarmphoneuserid??>\r\n	\"unalarmphoneuserid\":${unalarmphoneuserid},\r\n</#if>\r\n<#if reporttime??>\r\n	\"reporttime\":${reporttime},\r\n</#if>\r\n\"type\":\"warning\"\r\n}','2018-12-18 15:41:30','2018-12-18 15:41:30'),(253,0,103,'unalarmgasleak','zh_CN',1,'{\r\n<#if (zwavedevice.majortype)??>\r\n	\"majortype\":\"${zwavedevice.majortype}\",\r\n</#if>\r\n<#if (zwavedevice.zwavedeviceid)??>\r\n	\"zwavedeviceid\":${zwavedevice.zwavedeviceid},\r\n</#if>\r\n<#if (zwavedevice.devicetype)??>\r\n	\"devicetype\":\"${zwavedevice.devicetype}\",\r\n</#if>\r\n<#if pushtime??>\r\n	\"pushtime\":${pushtime},\r\n</#if>\r\n<#if (zwavedevice.nuid)??>\r\n	\"nuid\":${zwavedevice.nuid},\r\n</#if>\r\n<#if (zwavedevice.deviceid)??>\r\n	\"deviceid\":\"${zwavedevice.deviceid}\",\r\n</#if>\r\n<#if (zwavedevice.name)??>\r\n	\"name\":\"${zwavedevice.name}\",\r\n</#if>\r\n\r\n<#if (camera.majortype)??>\r\n	\"majortype\":\"${camera.majortype}\",\r\n</#if>\r\n<#if (camera.cameraid)??>\r\n	\"cameraid\":${camera.cameraid},\r\n</#if>\r\n<#if (camera.devicetype)??>\r\n	\"devicetype\":\"${camera.devicetype}\",\r\n</#if>\r\n<#if (camera.applianceuuid)??>\r\n	\"nuid\":${camera.applianceuuid},\r\n</#if>\r\n<#if (camera.deviceid)??>\r\n	\"deviceid\":\"${camera.deviceid}\",\r\n</#if>\r\n<#if (camera.name)??>\r\n	\"name\":\"${camera.name}\",\r\n</#if>\r\n\r\n<#if (gateway.phoneuserid)??>\r\n	\"phoneuserid\":${gateway.phoneuserid},\r\n</#if>\r\n<#if eventtype??>\r\n	\"message\":\"${eventtype}\",\r\n</#if>\r\n<#if unalarmphonenumber??>\r\n	\"unalarmphonenumber\":\"${unalarmphonenumber}\",\r\n</#if>\r\n<#if unalarmphoneuserid??>\r\n	\"unalarmphoneuserid\":${unalarmphoneuserid},\r\n</#if>\r\n<#if reporttime??>\r\n	\"reporttime\":${reporttime},\r\n</#if>\r\n\"type\":\"warning\"\r\n}','2018-12-18 15:41:54','2018-12-18 15:41:54'),(254,0,102,'unalarmsmoke','zh_CN',1,'{\r\n<#if (zwavedevice.majortype)??>\r\n	\"majortype\":\"${zwavedevice.majortype}\",\r\n</#if>\r\n<#if (zwavedevice.zwavedeviceid)??>\r\n	\"zwavedeviceid\":${zwavedevice.zwavedeviceid},\r\n</#if>\r\n<#if (zwavedevice.devicetype)??>\r\n	\"devicetype\":\"${zwavedevice.devicetype}\",\r\n</#if>\r\n<#if pushtime??>\r\n	\"pushtime\":${pushtime},\r\n</#if>\r\n<#if (zwavedevice.nuid)??>\r\n	\"nuid\":${zwavedevice.nuid},\r\n</#if>\r\n<#if (zwavedevice.deviceid)??>\r\n	\"deviceid\":\"${zwavedevice.deviceid}\",\r\n</#if>\r\n<#if (zwavedevice.name)??>\r\n	\"name\":\"${zwavedevice.name}\",\r\n</#if>\r\n\r\n<#if (camera.majortype)??>\r\n	\"majortype\":\"${camera.majortype}\",\r\n</#if>\r\n<#if (camera.cameraid)??>\r\n	\"cameraid\":${camera.cameraid},\r\n</#if>\r\n<#if (camera.devicetype)??>\r\n	\"devicetype\":\"${camera.devicetype}\",\r\n</#if>\r\n<#if (camera.applianceuuid)??>\r\n	\"nuid\":${camera.applianceuuid},\r\n</#if>\r\n<#if (camera.deviceid)??>\r\n	\"deviceid\":\"${camera.deviceid}\",\r\n</#if>\r\n<#if (camera.name)??>\r\n	\"name\":\"${camera.name}\",\r\n</#if>\r\n\r\n<#if (gateway.phoneuserid)??>\r\n	\"phoneuserid\":${gateway.phoneuserid},\r\n</#if>\r\n<#if eventtype??>\r\n	\"message\":\"${eventtype}\",\r\n</#if>\r\n<#if unalarmphonenumber??>\r\n	\"unalarmphonenumber\":\"${unalarmphonenumber}\",\r\n</#if>\r\n<#if unalarmphoneuserid??>\r\n	\"unalarmphoneuserid\":${unalarmphoneuserid},\r\n</#if>\r\n<#if reporttime??>\r\n	\"reporttime\":${reporttime},\r\n</#if>\r\n\"type\":\"warning\"\r\n}','2018-12-18 15:42:13','2018-12-18 15:42:13'),(255,0,101,'unalarmsos','zh_CN',1,'{\r\n<#if (zwavedevice.majortype)??>\r\n	\"majortype\":\"${zwavedevice.majortype}\",\r\n</#if>\r\n<#if (zwavedevice.zwavedeviceid)??>\r\n	\"zwavedeviceid\":${zwavedevice.zwavedeviceid},\r\n</#if>\r\n<#if (zwavedevice.devicetype)??>\r\n	\"devicetype\":\"${zwavedevice.devicetype}\",\r\n</#if>\r\n<#if pushtime??>\r\n	\"pushtime\":${pushtime},\r\n</#if>\r\n<#if (zwavedevice.nuid)??>\r\n	\"nuid\":${zwavedevice.nuid},\r\n</#if>\r\n<#if (zwavedevice.deviceid)??>\r\n	\"deviceid\":\"${zwavedevice.deviceid}\",\r\n</#if>\r\n<#if (zwavedevice.name)??>\r\n	\"name\":\"${zwavedevice.name}\",\r\n</#if>\r\n\r\n<#if (camera.majortype)??>\r\n	\"majortype\":\"${camera.majortype}\",\r\n</#if>\r\n<#if (camera.cameraid)??>\r\n	\"cameraid\":${camera.cameraid},\r\n</#if>\r\n<#if (camera.devicetype)??>\r\n	\"devicetype\":\"${camera.devicetype}\",\r\n</#if>\r\n<#if (camera.applianceuuid)??>\r\n	\"nuid\":${camera.applianceuuid},\r\n</#if>\r\n<#if (camera.deviceid)??>\r\n	\"deviceid\":\"${camera.deviceid}\",\r\n</#if>\r\n<#if (camera.name)??>\r\n	\"name\":\"${camera.name}\",\r\n</#if>\r\n\r\n<#if (gateway.phoneuserid)??>\r\n	\"phoneuserid\":${gateway.phoneuserid},\r\n</#if>\r\n<#if eventtype??>\r\n	\"message\":\"${eventtype}\",\r\n</#if>\r\n<#if unalarmphonenumber??>\r\n	\"unalarmphonenumber\":\"${unalarmphonenumber}\",\r\n</#if>\r\n<#if unalarmphoneuserid??>\r\n	\"unalarmphoneuserid\":${unalarmphoneuserid},\r\n</#if>\r\n<#if reporttime??>\r\n	\"reporttime\":${reporttime},\r\n</#if>\r\n\"type\":\"warning\"\r\n}','2018-12-18 15:42:32','2018-12-18 15:42:32'),(256,0,100,'unalarmtampleralarm','zh_CN',1,'{\r\n<#if (zwavedevice.majortype)??>\r\n	\"majortype\":\"${zwavedevice.majortype}\",\r\n</#if>\r\n<#if (zwavedevice.zwavedeviceid)??>\r\n	\"zwavedeviceid\":${zwavedevice.zwavedeviceid},\r\n</#if>\r\n<#if (zwavedevice.devicetype)??>\r\n	\"devicetype\":\"${zwavedevice.devicetype}\",\r\n</#if>\r\n<#if pushtime??>\r\n	\"pushtime\":${pushtime},\r\n</#if>\r\n<#if (zwavedevice.nuid)??>\r\n	\"nuid\":${zwavedevice.nuid},\r\n</#if>\r\n<#if (zwavedevice.deviceid)??>\r\n	\"deviceid\":\"${zwavedevice.deviceid}\",\r\n</#if>\r\n<#if (zwavedevice.name)??>\r\n	\"name\":\"${zwavedevice.name}\",\r\n</#if>\r\n\r\n<#if (camera.majortype)??>\r\n	\"majortype\":\"${camera.majortype}\",\r\n</#if>\r\n<#if (camera.cameraid)??>\r\n	\"cameraid\":${camera.cameraid},\r\n</#if>\r\n<#if (camera.devicetype)??>\r\n	\"devicetype\":\"${camera.devicetype}\",\r\n</#if>\r\n<#if (camera.applianceuuid)??>\r\n	\"nuid\":${camera.applianceuuid},\r\n</#if>\r\n<#if (camera.deviceid)??>\r\n	\"deviceid\":\"${camera.deviceid}\",\r\n</#if>\r\n<#if (camera.name)??>\r\n	\"name\":\"${camera.name}\",\r\n</#if>\r\n\r\n<#if (gateway.phoneuserid)??>\r\n	\"phoneuserid\":${gateway.phoneuserid},\r\n</#if>\r\n<#if eventtype??>\r\n	\"message\":\"${eventtype}\",\r\n</#if>\r\n<#if unalarmphonenumber??>\r\n	\"unalarmphonenumber\":\"${unalarmphonenumber}\",\r\n</#if>\r\n<#if unalarmphoneuserid??>\r\n	\"unalarmphoneuserid\":${unalarmphoneuserid},\r\n</#if>\r\n<#if reporttime??>\r\n	\"reporttime\":${reporttime},\r\n</#if>\r\n\"type\":\"warning\"\r\n}','2018-12-18 15:42:57','2018-12-18 15:42:57'),(257,0,130,'smscount','zh_CN',2,'本月已经给您发送了5条短信(不含本条)，达到短信月上限，本月内如有告警，将不再给您发送短信，请注意居家安全。','2018-12-19 14:21:21','2018-12-19 14:48:34'),(258,0,125,'dscpartitionarmstatusnotification','zh_CN',2,'防区${(partition.name)!}\r\n<#if armstatus??>\r\n	<#if armstatus == 1>\r\n	离家\r\n	<#elseif armstatus == 3>\r\n	在家\r\n    </#if>\r\n</#if>\r\n设防成功。','2018-12-20 09:10:17','2019-01-11 15:36:50'),(259,0,131,'cobbedoorlockstatus','zh_CN',3,'${name}故障告警','2018-12-20 09:35:03','2018-12-20 09:35:03'),(260,0,131,'cobbedoorlockstatus','zh_CN',4,'检测到您的设备${name}已经故障，您将无法操作该设备，也无法收到该设备的报告，请尽快排除故障。','2018-12-20 09:35:03','2018-12-20 09:35:03'),(261,0,131,'cobbedoorlockstatus','zh_CN',2,'您的设备${name},可能发生故障，请尽快检查。','2018-12-20 09:35:03','2018-12-20 09:35:03'),(262,0,131,'cobbedoorlockstatus','ch_HK',2,'你的設備${name},可能發生故障，請儘快檢查。','2018-12-20 09:35:03','2018-12-20 09:35:03'),(263,0,131,'cobbedoorlockstatus','en_US',2,'There may be something wrong with your device ${name}. Inspect as soon as possible.','2018-12-20 09:35:03','2018-12-20 09:35:03'),(264,0,131,'cobbedoorlockstatus','fr_CA',2,'Votre appareil${name}Échec possible,S\\\'il vous plaît vérifier dès que possible','2018-12-20 09:35:03','2018-12-20 09:35:03'),(265,0,131,'cobbedoorlockstatus','vi_VN',2,'Thiết bị của bạn${name},có thể đã sảy ra sự cố, vui lòng kiểm tra.','2018-12-20 09:35:03','2018-12-20 09:35:03'),(266,0,131,'cobbedoorlockstatus','zh_CN',1,'{\r\n<#if (zwavedevice.majortype)??>\r\n	\"majortype\":\"${zwavedevice.majortype}\",\r\n</#if>\r\n<#if (zwavedevice.zwavedeviceid)??>\r\n	\"zwavedeviceid\":${zwavedevice.zwavedeviceid},\r\n</#if>\r\n<#if eventtime??>\r\n	\"eventtime\":${eventtime},\r\n</#if>\r\n<#if (zwavedevice.battery)??>\r\n	\"battery\":${zwavedevice.battery},\r\n</#if>\r\n<#if (zwavedevice.devicetype)??>\r\n	\"devicetype\":\"${zwavedevice.devicetype}\",\r\n</#if>\r\n<#if pushtime??>\r\n		\"pushtime\":${pushtime},\r\n</#if>\r\n<#if (zwavedevice.warningstatuses)??>\r\n	\"warningstatuses\":\"${zwavedevice.warningstatuses}\",\r\n</#if>\r\n<#if (zwavedevice.nuid)??>\r\n	\"nuid\":${zwavedevice.nuid},\r\n</#if>\r\n<#if (zwavedevice.applianceid)??>\r\n	\"applianceid\":\"${zwavedevice.applianceid}\",\r\n</#if>\r\n<#if eventtype??>\r\n	\"message\":\"${eventtype}\",\r\n</#if>\r\n<#if (zwavedevice.deviceid)??>\r\n	\"deviceid\":\"${zwavedevice.deviceid}\",\r\n</#if>\r\n<#if reporttime??>\r\n	\"reporttime\":${reporttime},\r\n</#if>\r\n<#if warningstatus??>\r\n	\"warningstatus\":${warningstatus},\r\n</#if>\r\n<#if (zwavedevice.name)??>\r\n	\"name\":\"${zwavedevice.name}\",\r\n</#if>\r\n<#if (zwavedevice.status)??>\r\n	\"status\":\"${zwavedevice.status}\",\r\n</#if>\r\n\r\n<#if (camera.majortype)??>\r\n	\"majortype\":\"${camera.majortype}\",\r\n</#if>\r\n<#if (camera.cameraid)??>\r\n	\"cameraid\":${camera.cameraid},\r\n</#if>\r\n<#if (camera.battery)??>\r\n	\"battery\":${camera.battery},\r\n</#if>\r\n<#if (camera.devicetype)??>\r\n	\"devicetype\":\"${camera.devicetype}\",\r\n</#if>\r\n<#if (camera.warningstatuses)??>\r\n	\"warningstatuses\":\"${camera.warningstatuses}\",\r\n</#if>\r\n<#if (camera.applianceid)??>\r\n	\"applianceid\":\"${camera.applianceid}\",\r\n</#if>\r\n<#if (camera.applianceuuid)??>\r\n	\"nuid\":${camera.applianceuuid},\r\n</#if>\r\n<#if (camera.applianceid)??>\r\n	\"applianceid\":\"${camera.applianceid}\",\r\n</#if>\r\n\r\n<#if (camera.deviceid)??>\r\n	\"deviceid\":\"${camera.deviceid}\",\r\n</#if>\r\n<#if (camera.name)??>\r\n	\"name\":\"${camera.name}\",\r\n</#if>\r\n<#if (camera.status)??>\r\n	\"status\":\"${camera.status}\",\r\n</#if>\r\n\"type\":\"warning\"\r\n}','2018-12-20 09:35:03','2018-12-20 09:35:03'),(274,0,128,'setpartitionarmstatusfailed','zh_CN',2,'情景联动防区${partitionname}操作失败。','2018-12-20 09:42:54','2018-12-20 09:42:54'),(275,0,128,'setpartitionarmstatusfailed','en_US',1,'Scene associated Partition ${partitionname} failed','2018-12-20 09:43:46','2018-12-20 09:43:46'),(276,0,132,'pushinfochanged','zh_CN',1,'{\r\n<#if pushtime??>\r\n	\"pushtime\":${pushtime},\r\n</#if>\r\n	\"type\":\"infochanged\"\r\n}','2018-12-20 09:52:26','2018-12-20 09:52:26'),(277,0,133,'humidity','zh_CN',1,'{\r\n<#if (zwavedevice.majortype)??>\r\n	\"majortype\":\"${zwavedevice.majortype}\",\r\n</#if>\r\n<#if (zwavedevice.zwavedeviceid)??>\r\n	\"zwavedeviceid\":${zwavedevice.zwavedeviceid},\r\n</#if>\r\n<#if eventtime??>\r\n	\"eventtime\":${eventtime},\r\n</#if>\r\n<#if (zwavedevice.battery)??>\r\n	\"battery\":${zwavedevice.battery},\r\n</#if>\r\n<#if (zwavedevice.devicetype)??>\r\n	\"devicetype\":\"${zwavedevice.devicetype}\",\r\n</#if>\r\n<#if operator??>\r\n	\"operator\":\"${operator}\",\r\n</#if>\r\n<#if pushtime??>\r\n	\"pushtime\":${pushtime},\r\n</#if>\r\n<#if (zwavedevice.nuid)??>\r\n	\"nuid\":${zwavedevice.nuid},\r\n</#if>\r\n<#if (zwavedevice.applianceid)??>\r\n	\"applianceid\":\"${zwavedevice.applianceid}\",\r\n</#if>\r\n<#if (zwavedevice.deviceid)??>\r\n	\"deviceid\":\"${zwavedevice.deviceid}\",\r\n</#if>\r\n<#if (zwavedevice.name)??>\r\n	\"name\":\"${zwavedevice.name}\",\r\n</#if>\r\n<#if (zwavedevice.status)??>\r\n	\"status\":${zwavedevice.status},\r\n</#if>\r\n<#if intparam??>\r\n	\"intparam\":${intparam},\r\n</#if>\r\n\"reporttime\":\"${reporttime}\",\r\n\"type\":\"devicestatus\"\r\n}','2018-12-20 10:07:40','2018-12-20 10:07:40'),(278,0,134,'子设备状态','zh_CN',1,'\r\n{\r\n<#if (subzwavedevice.enablestatus)??>\r\n	\"enablestatus\":${subzwavedevice.enablestatus},\r\n</#if>\r\n<#if (subzwavedevice.zwavedevice.zwavedeviceid)??>\r\n	\"zwavedeviceid\":${subzwavedevice.zwavedevice.zwavedeviceid},\r\n</#if>\r\n<#if (subzwavedevice.zwavesubdeviceid)??>\r\n	\"subdeviceid\":${subzwavedevice.zwavesubdeviceid},\r\n</#if>\r\n<#if (subzwavedevice.channelid)??>\r\n	\"channelid\":${subzwavedevice.channelid},\r\n</#if>\r\n<#if (subzwavedevice.warningstatuses)??>\r\n	\"warningstatuses\":\"${subzwavedevice.warningstatuses}\",\r\n</#if>\r\n<#if (subzwavedevice.status)??>\r\n	\"status\":${subzwavedevice.status},\r\n</#if>\r\n<#if (subzwavedevice.statuses)??>\r\n	\"statuses\": \"${subzwavedevice.statuses}\",\r\n</#if>\r\n<#if (subzwavedevice.zwavedevice.devicetype)??>\r\n	\"devicetype\":\"${subzwavedevice.zwavedevice.devicetype}\",\r\n</#if>\r\n<#if (subzwavedevice.zwavedevice.deviceid)??>\r\n	\"deviceid\":\"${subzwavedevice.zwavedevice.deviceid}\",\r\n</#if>\r\n<#if reporttime??>\r\n	\"reporttime\":\"${reporttime}\",\r\n</#if>\r\n<#if eventtime??>\r\n	\"eventtime\":${eventtime},\r\n</#if>\r\n<#if pushtime??>\r\n	\"pushtime\":${pushtime},\r\n</#if>\r\n\"operator\": \"${operator!}\",\r\n\"majortype\": \"zWave\",\r\n\"type\":\"subdevicestatus\"\r\n}','2018-12-20 10:18:26','2018-12-22 14:44:39'),(279,0,135,'efencedisconnection','zh_CN',1,'{\r\n<#if (zwavedevice.majortype)??>\r\n	\"majortype\":\"${zwavedevice.majortype}\",\r\n</#if>\r\n<#if (zwavedevice.zwavedeviceid)??>\r\n	\"zwavedeviceid\":${zwavedevice.zwavedeviceid},\r\n</#if>\r\n<#if eventtime??>\r\n	\"eventtime\":${eventtime},\r\n</#if>\r\n<#if (zwavedevice.battery)??>\r\n	\"battery\":${zwavedevice.battery},\r\n</#if>\r\n<#if (zwavedevice.devicetype)??>\r\n	\"devicetype\":\"${zwavedevice.devicetype}\",\r\n</#if>\r\n<#if pushtime??>\r\n		\"pushtime\":${pushtime},\r\n</#if>\r\n<#if (zwavedevice.warningstatuses)??>\r\n	\"warningstatuses\":\"${zwavedevice.warningstatuses}\",\r\n</#if>\r\n<#if (zwavedevice.nuid)??>\r\n	\"nuid\":${zwavedevice.nuid},\r\n</#if>\r\n<#if (zwavedevice.applianceid)??>\r\n	\"applianceid\":\"${zwavedevice.applianceid}\",\r\n</#if>\r\n<#if eventtype??>\r\n	\"message\":\"${eventtype}\",\r\n</#if>\r\n<#if (zwavedevice.deviceid)??>\r\n	\"deviceid\":\"${zwavedevice.deviceid}\",\r\n</#if>\r\n<#if reporttime??>\r\n	\"reporttime\":${reporttime},\r\n</#if>\r\n<#if warningstatus??>\r\n	\"warningstatus\":${warningstatus},\r\n</#if>\r\n<#if (zwavedevice.name)??>\r\n	\"name\":\"${zwavedevice.name}\",\r\n</#if>\r\n<#if (zwavedevice.status)??>\r\n	\"status\":\"${zwavedevice.status}\",\r\n</#if>\r\n\"type\":\"warning\"\r\n}','2018-12-20 11:06:20','2018-12-20 11:06:20'),(280,0,136,'efenceshortcircuit','zh_CN',1,'{\r\n<#if (zwavedevice.majortype)??>\r\n	\"majortype\":\"${zwavedevice.majortype}\",\r\n</#if>\r\n<#if (zwavedevice.zwavedeviceid)??>\r\n	\"zwavedeviceid\":${zwavedevice.zwavedeviceid},\r\n</#if>\r\n<#if eventtime??>\r\n	\"eventtime\":${eventtime},\r\n</#if>\r\n<#if (zwavedevice.battery)??>\r\n	\"battery\":${zwavedevice.battery},\r\n</#if>\r\n<#if (zwavedevice.devicetype)??>\r\n	\"devicetype\":\"${zwavedevice.devicetype}\",\r\n</#if>\r\n<#if pushtime??>\r\n		\"pushtime\":${pushtime},\r\n</#if>\r\n<#if (zwavedevice.warningstatuses)??>\r\n	\"warningstatuses\":\"${zwavedevice.warningstatuses}\",\r\n</#if>\r\n<#if (zwavedevice.nuid)??>\r\n	\"nuid\":${zwavedevice.nuid},\r\n</#if>\r\n<#if (zwavedevice.applianceid)??>\r\n	\"applianceid\":\"${zwavedevice.applianceid}\",\r\n</#if>\r\n<#if eventtype??>\r\n	\"message\":\"${eventtype}\",\r\n</#if>\r\n<#if (zwavedevice.deviceid)??>\r\n	\"deviceid\":\"${zwavedevice.deviceid}\",\r\n</#if>\r\n<#if reporttime??>\r\n	\"reporttime\":${reporttime},\r\n</#if>\r\n<#if warningstatus??>\r\n	\"warningstatus\":${warningstatus},\r\n</#if>\r\n<#if (zwavedevice.name)??>\r\n	\"name\":\"${zwavedevice.name}\",\r\n</#if>\r\n<#if (zwavedevice.status)??>\r\n	\"status\":\"${zwavedevice.status}\",\r\n</#if>\r\n\"type\":\"warning\"\r\n}','2018-12-20 11:06:32','2018-12-20 11:06:32'),(281,0,137,'efencetampler','zh_CN',1,'{\r\n<#if (zwavedevice.majortype)??>\r\n	\"majortype\":\"${zwavedevice.majortype}\",\r\n</#if>\r\n<#if (zwavedevice.zwavedeviceid)??>\r\n	\"zwavedeviceid\":${zwavedevice.zwavedeviceid},\r\n</#if>\r\n<#if eventtime??>\r\n	\"eventtime\":${eventtime},\r\n</#if>\r\n<#if (zwavedevice.battery)??>\r\n	\"battery\":${zwavedevice.battery},\r\n</#if>\r\n<#if (zwavedevice.devicetype)??>\r\n	\"devicetype\":\"${zwavedevice.devicetype}\",\r\n</#if>\r\n<#if pushtime??>\r\n		\"pushtime\":${pushtime},\r\n</#if>\r\n<#if (zwavedevice.warningstatuses)??>\r\n	\"warningstatuses\":\"${zwavedevice.warningstatuses}\",\r\n</#if>\r\n<#if (zwavedevice.nuid)??>\r\n	\"nuid\":${zwavedevice.nuid},\r\n</#if>\r\n<#if (zwavedevice.applianceid)??>\r\n	\"applianceid\":\"${zwavedevice.applianceid}\",\r\n</#if>\r\n<#if eventtype??>\r\n	\"message\":\"${eventtype}\",\r\n</#if>\r\n<#if (zwavedevice.deviceid)??>\r\n	\"deviceid\":\"${zwavedevice.deviceid}\",\r\n</#if>\r\n<#if reporttime??>\r\n	\"reporttime\":${reporttime},\r\n</#if>\r\n<#if warningstatus??>\r\n	\"warningstatus\":${warningstatus},\r\n</#if>\r\n<#if (zwavedevice.name)??>\r\n	\"name\":\"${zwavedevice.name}\",\r\n</#if>\r\n<#if (zwavedevice.status)??>\r\n	\"status\":\"${zwavedevice.status}\",\r\n</#if>\r\n\"type\":\"warning\"\r\n}','2018-12-20 11:06:46','2018-12-20 11:06:46'),(282,0,138,'efenceinstrusion','zh_CN',1,'{\r\n<#if (zwavedevice.majortype)??>\r\n	\"majortype\":\"${zwavedevice.majortype}\",\r\n</#if>\r\n<#if (zwavedevice.zwavedeviceid)??>\r\n	\"zwavedeviceid\":${zwavedevice.zwavedeviceid},\r\n</#if>\r\n<#if eventtime??>\r\n	\"eventtime\":${eventtime},\r\n</#if>\r\n<#if (zwavedevice.battery)??>\r\n	\"battery\":${zwavedevice.battery},\r\n</#if>\r\n<#if (zwavedevice.devicetype)??>\r\n	\"devicetype\":\"${zwavedevice.devicetype}\",\r\n</#if>\r\n<#if pushtime??>\r\n		\"pushtime\":${pushtime},\r\n</#if>\r\n<#if (zwavedevice.warningstatuses)??>\r\n	\"warningstatuses\":\"${zwavedevice.warningstatuses}\",\r\n</#if>\r\n<#if (zwavedevice.nuid)??>\r\n	\"nuid\":${zwavedevice.nuid},\r\n</#if>\r\n<#if (zwavedevice.applianceid)??>\r\n	\"applianceid\":\"${zwavedevice.applianceid}\",\r\n</#if>\r\n<#if eventtype??>\r\n	\"message\":\"${eventtype}\",\r\n</#if>\r\n<#if (zwavedevice.deviceid)??>\r\n	\"deviceid\":\"${zwavedevice.deviceid}\",\r\n</#if>\r\n<#if reporttime??>\r\n	\"reporttime\":${reporttime},\r\n</#if>\r\n<#if warningstatus??>\r\n	\"warningstatus\":${warningstatus},\r\n</#if>\r\n<#if (zwavedevice.name)??>\r\n	\"name\":\"${zwavedevice.name}\",\r\n</#if>\r\n<#if (zwavedevice.status)??>\r\n	\"status\":\"${zwavedevice.status}\",\r\n</#if>\r\n\"type\":\"warning\"\r\n}','2018-12-20 11:07:01','2018-12-20 11:07:01'),(283,0,139,'efencecontact','zh_CN',1,'{\r\n<#if (zwavedevice.majortype)??>\r\n	\"majortype\":\"${zwavedevice.majortype}\",\r\n</#if>\r\n<#if (zwavedevice.zwavedeviceid)??>\r\n	\"zwavedeviceid\":${zwavedevice.zwavedeviceid},\r\n</#if>\r\n<#if eventtime??>\r\n	\"eventtime\":${eventtime},\r\n</#if>\r\n<#if (zwavedevice.battery)??>\r\n	\"battery\":${zwavedevice.battery},\r\n</#if>\r\n<#if (zwavedevice.devicetype)??>\r\n	\"devicetype\":\"${zwavedevice.devicetype}\",\r\n</#if>\r\n<#if pushtime??>\r\n		\"pushtime\":${pushtime},\r\n</#if>\r\n<#if (zwavedevice.warningstatuses)??>\r\n	\"warningstatuses\":\"${zwavedevice.warningstatuses}\",\r\n</#if>\r\n<#if (zwavedevice.nuid)??>\r\n	\"nuid\":${zwavedevice.nuid},\r\n</#if>\r\n<#if (zwavedevice.applianceid)??>\r\n	\"applianceid\":\"${zwavedevice.applianceid}\",\r\n</#if>\r\n<#if eventtype??>\r\n	\"message\":\"${eventtype}\",\r\n</#if>\r\n<#if (zwavedevice.deviceid)??>\r\n	\"deviceid\":\"${zwavedevice.deviceid}\",\r\n</#if>\r\n<#if reporttime??>\r\n	\"reporttime\":${reporttime},\r\n</#if>\r\n<#if warningstatus??>\r\n	\"warningstatus\":${warningstatus},\r\n</#if>\r\n<#if (zwavedevice.name)??>\r\n	\"name\":\"${zwavedevice.name}\",\r\n</#if>\r\n<#if (zwavedevice.status)??>\r\n	\"status\":\"${zwavedevice.status}\",\r\n</#if>\r\n\"type\":\"warning\"\r\n}','2018-12-20 11:07:14','2018-12-20 11:07:14'),(284,0,140,'efencesamelineshortcircuit','zh_CN',1,'{\r\n<#if (zwavedevice.majortype)??>\r\n	\"majortype\":\"${zwavedevice.majortype}\",\r\n</#if>\r\n<#if (zwavedevice.zwavedeviceid)??>\r\n	\"zwavedeviceid\":${zwavedevice.zwavedeviceid},\r\n</#if>\r\n<#if eventtime??>\r\n	\"eventtime\":${eventtime},\r\n</#if>\r\n<#if (zwavedevice.battery)??>\r\n	\"battery\":${zwavedevice.battery},\r\n</#if>\r\n<#if (zwavedevice.devicetype)??>\r\n	\"devicetype\":\"${zwavedevice.devicetype}\",\r\n</#if>\r\n<#if pushtime??>\r\n		\"pushtime\":${pushtime},\r\n</#if>\r\n<#if (zwavedevice.warningstatuses)??>\r\n	\"warningstatuses\":\"${zwavedevice.warningstatuses}\",\r\n</#if>\r\n<#if (zwavedevice.nuid)??>\r\n	\"nuid\":${zwavedevice.nuid},\r\n</#if>\r\n<#if (zwavedevice.applianceid)??>\r\n	\"applianceid\":\"${zwavedevice.applianceid}\",\r\n</#if>\r\n<#if eventtype??>\r\n	\"message\":\"${eventtype}\",\r\n</#if>\r\n<#if (zwavedevice.deviceid)??>\r\n	\"deviceid\":\"${zwavedevice.deviceid}\",\r\n</#if>\r\n<#if reporttime??>\r\n	\"reporttime\":${reporttime},\r\n</#if>\r\n<#if warningstatus??>\r\n	\"warningstatus\":${warningstatus},\r\n</#if>\r\n<#if (zwavedevice.name)??>\r\n	\"name\":\"${zwavedevice.name}\",\r\n</#if>\r\n<#if (zwavedevice.status)??>\r\n	\"status\":\"${zwavedevice.status}\",\r\n</#if>\r\n\"type\":\"warning\"\r\n}','2018-12-20 11:07:25','2018-12-20 11:07:25'),(285,0,141,'efencepoweroff','zh_CN',1,'{\r\n<#if (zwavedevice.majortype)??>\r\n	\"majortype\":\"${zwavedevice.majortype}\",\r\n</#if>\r\n<#if (zwavedevice.zwavedeviceid)??>\r\n	\"zwavedeviceid\":${zwavedevice.zwavedeviceid},\r\n</#if>\r\n<#if eventtime??>\r\n	\"eventtime\":${eventtime},\r\n</#if>\r\n<#if (zwavedevice.battery)??>\r\n	\"battery\":${zwavedevice.battery},\r\n</#if>\r\n<#if (zwavedevice.devicetype)??>\r\n	\"devicetype\":\"${zwavedevice.devicetype}\",\r\n</#if>\r\n<#if pushtime??>\r\n		\"pushtime\":${pushtime},\r\n</#if>\r\n<#if (zwavedevice.warningstatuses)??>\r\n	\"warningstatuses\":\"${zwavedevice.warningstatuses}\",\r\n</#if>\r\n<#if (zwavedevice.nuid)??>\r\n	\"nuid\":${zwavedevice.nuid},\r\n</#if>\r\n<#if (zwavedevice.applianceid)??>\r\n	\"applianceid\":\"${zwavedevice.applianceid}\",\r\n</#if>\r\n<#if eventtype??>\r\n	\"message\":\"${eventtype}\",\r\n</#if>\r\n<#if (zwavedevice.deviceid)??>\r\n	\"deviceid\":\"${zwavedevice.deviceid}\",\r\n</#if>\r\n<#if reporttime??>\r\n	\"reporttime\":${reporttime},\r\n</#if>\r\n<#if warningstatus??>\r\n	\"warningstatus\":${warningstatus},\r\n</#if>\r\n<#if (zwavedevice.name)??>\r\n	\"name\":\"${zwavedevice.name}\",\r\n</#if>\r\n<#if (zwavedevice.status)??>\r\n	\"status\":\"${zwavedevice.status}\",\r\n</#if>\r\n\"type\":\"warning\"\r\n}','2018-12-20 11:07:38','2018-12-20 11:07:38'),(286,0,148,'unalarmefencecontact','zh_CN',1,'{\r\n<#if (zwavedevice.majortype)??>\r\n	\"majortype\":\"${zwavedevice.majortype}\",\r\n</#if>\r\n<#if (zwavedevice.zwavedeviceid)??>\r\n	\"zwavedeviceid\":${zwavedevice.zwavedeviceid},\r\n</#if>\r\n<#if (zwavedevice.devicetype)??>\r\n	\"devicetype\":\"${zwavedevice.devicetype}\",\r\n</#if>\r\n<#if pushtime??>\r\n	\"pushtime\":${pushtime},\r\n</#if>\r\n<#if (zwavedevice.nuid)??>\r\n	\"nuid\":${zwavedevice.nuid},\r\n</#if>\r\n<#if (zwavedevice.deviceid)??>\r\n	\"deviceid\":\"${zwavedevice.deviceid}\",\r\n</#if>\r\n<#if (zwavedevice.name)??>\r\n	\"name\":\"${zwavedevice.name}\",\r\n</#if>\r\n<#if (gateway.phoneuserid)??>\r\n	\"phoneuserid\":${gateway.phoneuserid},\r\n</#if>\r\n<#if eventtype??>\r\n	\"message\":\"${eventtype}\",\r\n</#if>\r\n<#if unalarmphonenumber??>\r\n	\"unalarmphonenumber\":\"${unalarmphonenumber}\",\r\n</#if>\r\n<#if unalarmphoneuserid??>\r\n	\"unalarmphoneuserid\":${unalarmphoneuserid},\r\n</#if>\r\n<#if reporttime??>\r\n	\"reporttime\":${reporttime},\r\n</#if>\r\n\"type\":\"warning\"\r\n}','2018-12-20 11:08:41','2018-12-20 11:08:41'),(287,0,147,'unalarmefencepoweroff','zh_CN',1,'{\r\n<#if (zwavedevice.majortype)??>\r\n	\"majortype\":\"${zwavedevice.majortype}\",\r\n</#if>\r\n<#if (zwavedevice.zwavedeviceid)??>\r\n	\"zwavedeviceid\":${zwavedevice.zwavedeviceid},\r\n</#if>\r\n<#if (zwavedevice.devicetype)??>\r\n	\"devicetype\":\"${zwavedevice.devicetype}\",\r\n</#if>\r\n<#if pushtime??>\r\n	\"pushtime\":${pushtime},\r\n</#if>\r\n<#if (zwavedevice.nuid)??>\r\n	\"nuid\":${zwavedevice.nuid},\r\n</#if>\r\n<#if (zwavedevice.deviceid)??>\r\n	\"deviceid\":\"${zwavedevice.deviceid}\",\r\n</#if>\r\n<#if (zwavedevice.name)??>\r\n	\"name\":\"${zwavedevice.name}\",\r\n</#if>\r\n<#if (gateway.phoneuserid)??>\r\n	\"phoneuserid\":${gateway.phoneuserid},\r\n</#if>\r\n<#if eventtype??>\r\n	\"message\":\"${eventtype}\",\r\n</#if>\r\n<#if unalarmphonenumber??>\r\n	\"unalarmphonenumber\":\"${unalarmphonenumber}\",\r\n</#if>\r\n<#if unalarmphoneuserid??>\r\n	\"unalarmphoneuserid\":${unalarmphoneuserid},\r\n</#if>\r\n<#if reporttime??>\r\n	\"reporttime\":${reporttime},\r\n</#if>\r\n\"type\":\"warning\"\r\n}','2018-12-20 11:08:54','2018-12-20 11:08:54'),(288,0,146,'unalarmefencesamelineshortcircuit','zh_CN',1,'{\r\n<#if (zwavedevice.majortype)??>\r\n	\"majortype\":\"${zwavedevice.majortype}\",\r\n</#if>\r\n<#if (zwavedevice.zwavedeviceid)??>\r\n	\"zwavedeviceid\":${zwavedevice.zwavedeviceid},\r\n</#if>\r\n<#if (zwavedevice.devicetype)??>\r\n	\"devicetype\":\"${zwavedevice.devicetype}\",\r\n</#if>\r\n<#if pushtime??>\r\n	\"pushtime\":${pushtime},\r\n</#if>\r\n<#if (zwavedevice.nuid)??>\r\n	\"nuid\":${zwavedevice.nuid},\r\n</#if>\r\n<#if (zwavedevice.deviceid)??>\r\n	\"deviceid\":\"${zwavedevice.deviceid}\",\r\n</#if>\r\n<#if (zwavedevice.name)??>\r\n	\"name\":\"${zwavedevice.name}\",\r\n</#if>\r\n<#if (gateway.phoneuserid)??>\r\n	\"phoneuserid\":${gateway.phoneuserid},\r\n</#if>\r\n<#if eventtype??>\r\n	\"message\":\"${eventtype}\",\r\n</#if>\r\n<#if unalarmphonenumber??>\r\n	\"unalarmphonenumber\":\"${unalarmphonenumber}\",\r\n</#if>\r\n<#if unalarmphoneuserid??>\r\n	\"unalarmphoneuserid\":${unalarmphoneuserid},\r\n</#if>\r\n<#if reporttime??>\r\n	\"reporttime\":${reporttime},\r\n</#if>\r\n\"type\":\"warning\"\r\n}','2018-12-20 11:09:11','2018-12-20 11:09:11'),(289,0,145,'unalarmefenceinstrusion','zh_CN',1,'{\r\n<#if (zwavedevice.majortype)??>\r\n	\"majortype\":\"${zwavedevice.majortype}\",\r\n</#if>\r\n<#if (zwavedevice.zwavedeviceid)??>\r\n	\"zwavedeviceid\":${zwavedevice.zwavedeviceid},\r\n</#if>\r\n<#if (zwavedevice.devicetype)??>\r\n	\"devicetype\":\"${zwavedevice.devicetype}\",\r\n</#if>\r\n<#if pushtime??>\r\n	\"pushtime\":${pushtime},\r\n</#if>\r\n<#if (zwavedevice.nuid)??>\r\n	\"nuid\":${zwavedevice.nuid},\r\n</#if>\r\n<#if (zwavedevice.deviceid)??>\r\n	\"deviceid\":\"${zwavedevice.deviceid}\",\r\n</#if>\r\n<#if (zwavedevice.name)??>\r\n	\"name\":\"${zwavedevice.name}\",\r\n</#if>\r\n<#if (gateway.phoneuserid)??>\r\n	\"phoneuserid\":${gateway.phoneuserid},\r\n</#if>\r\n<#if eventtype??>\r\n	\"message\":\"${eventtype}\",\r\n</#if>\r\n<#if unalarmphonenumber??>\r\n	\"unalarmphonenumber\":\"${unalarmphonenumber}\",\r\n</#if>\r\n<#if unalarmphoneuserid??>\r\n	\"unalarmphoneuserid\":${unalarmphoneuserid},\r\n</#if>\r\n<#if reporttime??>\r\n	\"reporttime\":${reporttime},\r\n</#if>\r\n\"type\":\"warning\"\r\n}','2018-12-20 11:09:27','2018-12-20 11:09:27'),(290,0,144,'unalarmefencetampler','zh_CN',1,'{\r\n<#if (zwavedevice.majortype)??>\r\n	\"majortype\":\"${zwavedevice.majortype}\",\r\n</#if>\r\n<#if (zwavedevice.zwavedeviceid)??>\r\n	\"zwavedeviceid\":${zwavedevice.zwavedeviceid},\r\n</#if>\r\n<#if (zwavedevice.devicetype)??>\r\n	\"devicetype\":\"${zwavedevice.devicetype}\",\r\n</#if>\r\n<#if pushtime??>\r\n	\"pushtime\":${pushtime},\r\n</#if>\r\n<#if (zwavedevice.nuid)??>\r\n	\"nuid\":${zwavedevice.nuid},\r\n</#if>\r\n<#if (zwavedevice.deviceid)??>\r\n	\"deviceid\":\"${zwavedevice.deviceid}\",\r\n</#if>\r\n<#if (zwavedevice.name)??>\r\n	\"name\":\"${zwavedevice.name}\",\r\n</#if>\r\n<#if (gateway.phoneuserid)??>\r\n	\"phoneuserid\":${gateway.phoneuserid},\r\n</#if>\r\n<#if eventtype??>\r\n	\"message\":\"${eventtype}\",\r\n</#if>\r\n<#if unalarmphonenumber??>\r\n	\"unalarmphonenumber\":\"${unalarmphonenumber}\",\r\n</#if>\r\n<#if unalarmphoneuserid??>\r\n	\"unalarmphoneuserid\":${unalarmphoneuserid},\r\n</#if>\r\n<#if reporttime??>\r\n	\"reporttime\":${reporttime},\r\n</#if>\r\n\"type\":\"warning\"\r\n}','2018-12-20 11:09:45','2018-12-20 11:09:45'),(291,0,143,'unalarmefenceshortcircuit','zh_CN',1,'{\r\n<#if (zwavedevice.majortype)??>\r\n	\"majortype\":\"${zwavedevice.majortype}\",\r\n</#if>\r\n<#if (zwavedevice.zwavedeviceid)??>\r\n	\"zwavedeviceid\":${zwavedevice.zwavedeviceid},\r\n</#if>\r\n<#if (zwavedevice.devicetype)??>\r\n	\"devicetype\":\"${zwavedevice.devicetype}\",\r\n</#if>\r\n<#if pushtime??>\r\n	\"pushtime\":${pushtime},\r\n</#if>\r\n<#if (zwavedevice.nuid)??>\r\n	\"nuid\":${zwavedevice.nuid},\r\n</#if>\r\n<#if (zwavedevice.deviceid)??>\r\n	\"deviceid\":\"${zwavedevice.deviceid}\",\r\n</#if>\r\n<#if (zwavedevice.name)??>\r\n	\"name\":\"${zwavedevice.name}\",\r\n</#if>\r\n<#if (gateway.phoneuserid)??>\r\n	\"phoneuserid\":${gateway.phoneuserid},\r\n</#if>\r\n<#if eventtype??>\r\n	\"message\":\"${eventtype}\",\r\n</#if>\r\n<#if unalarmphonenumber??>\r\n	\"unalarmphonenumber\":\"${unalarmphonenumber}\",\r\n</#if>\r\n<#if unalarmphoneuserid??>\r\n	\"unalarmphoneuserid\":${unalarmphoneuserid},\r\n</#if>\r\n<#if reporttime??>\r\n	\"reporttime\":${reporttime},\r\n</#if>\r\n\"type\":\"warning\"\r\n}','2018-12-20 11:09:58','2018-12-20 11:09:58'),(292,0,142,'unalarmefencedisconnection','zh_CN',1,'{\r\n<#if (zwavedevice.majortype)??>\r\n	\"majortype\":\"${zwavedevice.majortype}\",\r\n</#if>\r\n<#if (zwavedevice.zwavedeviceid)??>\r\n	\"zwavedeviceid\":${zwavedevice.zwavedeviceid},\r\n</#if>\r\n<#if (zwavedevice.devicetype)??>\r\n	\"devicetype\":\"${zwavedevice.devicetype}\",\r\n</#if>\r\n<#if pushtime??>\r\n	\"pushtime\":${pushtime},\r\n</#if>\r\n<#if (zwavedevice.nuid)??>\r\n	\"nuid\":${zwavedevice.nuid},\r\n</#if>\r\n<#if (zwavedevice.deviceid)??>\r\n	\"deviceid\":\"${zwavedevice.deviceid}\",\r\n</#if>\r\n<#if (zwavedevice.name)??>\r\n	\"name\":\"${zwavedevice.name}\",\r\n</#if>\r\n<#if (gateway.phoneuserid)??>\r\n	\"phoneuserid\":${gateway.phoneuserid},\r\n</#if>\r\n<#if eventtype??>\r\n	\"message\":\"${eventtype}\",\r\n</#if>\r\n<#if unalarmphonenumber??>\r\n	\"unalarmphonenumber\":\"${unalarmphonenumber}\",\r\n</#if>\r\n<#if unalarmphoneuserid??>\r\n	\"unalarmphoneuserid\":${unalarmphoneuserid},\r\n</#if>\r\n<#if reporttime??>\r\n	\"reporttime\":${reporttime},\r\n</#if>\r\n\"type\":\"warning\"\r\n}','2018-12-20 11:10:08','2018-12-20 11:10:08'),(293,0,141,'efencepoweroff','zh_CN',2,'你的设备${name},发出了断电告警，请注意居家安全。','2018-12-20 11:12:29','2018-12-20 11:12:29'),(294,0,141,'efencepoweroff','en_US',2,'Your device ${name} were in outage alarm, Exercise caution.','2018-12-20 11:13:03','2018-12-20 11:13:35'),(295,0,141,'efencepoweroff','fr_CA',2,'Votre appareil ${name} Vérifier alarme en panne, S\\\'il vous plaît prêter attention à la sécurité à la maison.','2018-12-20 11:13:58','2018-12-20 11:13:58'),(296,0,140,'efencesamelineshortcircuit','zh_CN',2,'你的设备${name},发出了同线短路报警，请注意居家安全。','2018-12-20 11:14:29','2018-12-20 11:14:29'),(297,0,140,'efencesamelineshortcircuit','fr_CA',2,'Votre appareil ${name} Vérifier alarme courte colinéaire, S\\\'il vous plaît prêter attention à la sécurité à la maison.','2018-12-20 11:14:50','2018-12-20 11:14:50'),(298,0,140,'efencesamelineshortcircuit','en_US',2,'Your device ${name} were in collinear short out alarm, Exercise caution.','2018-12-20 11:15:12','2018-12-20 11:15:12'),(299,0,139,'efencecontact','zh_CN',2,'你的设备${name},发出了触网报警，请注意居家安全。','2018-12-20 11:15:55','2018-12-20 11:15:55'),(300,0,139,'efencecontact','en_US',2,'Your device ${name} were in perimeter alarm, Exercise caution.','2018-12-20 11:16:21','2018-12-20 11:16:21'),(301,0,139,'efencecontact','fr_CA',2,'Votre appareil ${name} Vérifier alarme de périmètre, S\\\'il vous plaît prêter attention à la sécurité à la maison.','2018-12-20 11:16:37','2018-12-20 11:16:37'),(302,0,138,'efenceinstrusion','fr_CA',2,'Votre appareil ${name} Vérifier alarme d\\\'intrusion, S\\\'il vous plaît prêter attention à la sécurité à la maison.','2018-12-20 11:17:02','2018-12-20 11:17:02'),(303,0,138,'efenceinstrusion','zh_CN',2,'你的设备${name},发出了入侵报警，请注意居家安全。','2018-12-20 11:17:21','2018-12-20 11:17:21'),(304,0,138,'efenceinstrusion','en_US',2,'Your device ${name} were in intrusion alarm, Exercise caution.','2018-12-20 11:17:42','2018-12-20 11:17:42'),(305,0,137,'efencetampler','zh_CN',2,'你的设备${name},发出了设备破坏报警，请注意居家安全。','2018-12-20 11:18:02','2018-12-20 11:18:02'),(306,0,137,'efencetampler','fr_CA',2,'Votre appareil ${name} Vérifier alarme d\\\'appareil est défective , S\\\'il vous plaît prêter attention à la sécurité à la maison.','2018-12-20 11:18:20','2018-12-20 11:18:20'),(307,0,137,'efencetampler','en_US',2,'Your device ${name} were in broken device alarm, Exercise caution.','2018-12-20 11:18:36','2018-12-20 11:18:36'),(308,0,136,'efenceshortcircuit','zh_CN',2,'你的设备${name},发出了短路报警，请注意居家安全。','2018-12-20 11:19:08','2018-12-20 11:19:08'),(309,0,136,'efenceshortcircuit','fr_CA',2,'Votre appareil ${name} Vérifier alarme de court-circuit, S\\\'il vous plaît prêter attention à la sécurité à la maison.','2018-12-20 11:19:32','2018-12-20 11:19:32'),(310,0,136,'efenceshortcircuit','en_US',2,'Your device ${name} were in short out alarm, Exercise caution. ','2018-12-20 11:19:50','2018-12-20 11:19:50'),(311,0,135,'efencedisconnection','zh_CN',2,'你的设备${name},发出了断线报警，请注意居家安全。','2018-12-20 11:20:16','2018-12-20 11:20:16'),(312,0,135,'efencedisconnection','fr_CA',2,'Votre appareil ${name} Vérifier alarme de ligne cassée, S\\\'il vous plaît prêter attention à la sécurité à la maison.','2018-12-20 11:20:35','2018-12-20 11:20:35'),(313,0,135,'efencedisconnection','en_US',2,'Your device ${name} were in broken line alarm, Exercise caution.','2018-12-20 11:20:49','2018-12-20 11:20:49'),(314,0,21,'passwordchanged','zh_CN',1,'{\r\n	\"tokenid\": ${tokenid!},\r\n	<#if reporttime??>\r\n		\"reporttime\": ${reporttime},\r\n	</#if>\r\n	<#if pushtime??>\r\n		\"pushtime\": ${pushtime},\r\n	</#if>\r\n	\"type\": \"passwordchanged\"\r\n}','2018-12-24 10:39:59','2018-12-24 10:40:31'),(315,0,22,'userinfochanged','zh_CN',1,'{\r\n	<#if tokenid??>\r\n		\"tokenid\": ${tokenid},\r\n	</#if>\r\n	<#if reporttime??>\r\n		\"reporttime\": ${reporttime},\r\n	</#if>\r\n	<#if pushtime??>\r\n		\"pushtime\": ${pushtime},\r\n	</#if>\r\n	\"type\": \"userinfochanged\"\r\n}','2018-12-24 10:41:16','2018-12-24 14:52:08'),(316,0,149,'remainingnumber','zh_CN',1,'{\r\n	<#if smsnumber??>\r\n		\"smsnumber\":${smsnumber},\r\n	</#if>\r\n	<#if callnumber??>\r\n		\"callnumber\":${callnumber},\r\n	</#if>\r\n	<#if reporttime??>\r\n		\"reporttime\": ${reporttime},\r\n	</#if>\r\n	<#if pushtime??>\r\n		\"pushtime\": ${pushtime},\r\n	</#if>\r\n	\"type\": \"remainingnumber\"\r\n}','2018-12-24 10:46:41','2018-12-24 10:46:41'),(317,0,125,'dscpartitionarmstatusnotification','zh_CN',1,'{\r\n<#if partitionid??>\r\n	\"partitionid\":${partitionid},\r\n</#if>\r\n<#if armstatus??>\r\n	\"armstatus\":${armstatus},\r\n</#if>\r\n<#if reporttime??>\r\n	\"reporttime\":${reporttime},\r\n</#if>\r\n<#if pushtime??>\r\n	\"pushtime\":${pushtime},\r\n</#if>\r\n\"type\":\"partitionarmstatuschange\"\r\n}','2019-01-11 17:50:48','2019-01-11 17:50:48');
/*!40000 ALTER TABLE `msg_contenttemplate` ENABLE KEYS */;
UNLOCK TABLES;

--
-- Table structure for table `msg_defaultprocessclass`
--

DROP TABLE IF EXISTS `msg_defaultprocessclass`;
/*!40101 SET @saved_cs_client     = @@character_set_client */;
/*!40101 SET character_set_client = utf8 */;
CREATE TABLE `msg_defaultprocessclass` (
  `msgdefaultprocessclassid` int(9) NOT NULL AUTO_INCREMENT,
  `platform` int(9) NOT NULL,
  `type` int(9) NOT NULL,
  `subtype` int(9) DEFAULT NULL,
  `msgprocessclassid` int(9) NOT NULL,
  `eventcode` varchar(128) NOT NULL,
  PRIMARY KEY (`msgdefaultprocessclassid`)
) ENGINE=InnoDB AUTO_INCREMENT=11 DEFAULT CHARSET=utf8;
/*!40101 SET character_set_client = @saved_cs_client */;

--
-- Dumping data for table `msg_defaultprocessclass`
--

LOCK TABLES `msg_defaultprocessclass` WRITE;
/*!40000 ALTER TABLE `msg_defaultprocessclass` DISABLE KEYS */;
INSERT INTO `msg_defaultprocessclass` VALUES (1,9,1,NULL,2,'defaultEventCode'),(2,999999,2,NULL,4,'devicestatus'),(3,999999,4,3,29,'defaultEventCode'),(4,999999,4,4,28,'defaultEventCode'),(5,999999,3,3,25,'defaultEventCode'),(6,999999,3,1,21,'defaultEventCode'),(7,999999,3,2,23,'defaultEventCode'),(8,999999,3,4,24,'defaultEventCode'),(9,999999,4,1,26,'defaultEventCode'),(10,999999,4,2,27,'defaultEventCode');
/*!40000 ALTER TABLE `msg_defaultprocessclass` ENABLE KEYS */;
UNLOCK TABLES;

--
-- Table structure for table `msg_eventgroup`
--

DROP TABLE IF EXISTS `msg_eventgroup`;
/*!40101 SET @saved_cs_client     = @@character_set_client */;
/*!40101 SET character_set_client = utf8 */;
CREATE TABLE `msg_eventgroup` (
  `msgeventgroupid` int(9) NOT NULL AUTO_INCREMENT,
  `platform` int(9) NOT NULL,
  `eventgroupname` varchar(256) NOT NULL,
  `decription` varchar(1024) DEFAULT NULL,
  `createtime` datetime NOT NULL,
  PRIMARY KEY (`msgeventgroupid`)
) ENGINE=InnoDB AUTO_INCREMENT=52 DEFAULT CHARSET=utf8;
/*!40101 SET character_set_client = @saved_cs_client */;

--
-- Dumping data for table `msg_eventgroup`
--

LOCK TABLES `msg_eventgroup` WRITE;
/*!40000 ALTER TABLE `msg_eventgroup` DISABLE KEYS */;
INSERT INTO `msg_eventgroup` VALUES (16,0,'用户信息事件组','','2018-12-14 16:51:37'),(17,0,'设备信息事件组','','2018-12-14 16:57:58'),(18,0,'二级告警事件组','','2018-12-14 16:58:08'),(19,0,'网关重置事件组','','2018-12-14 16:59:08'),(20,0,'网关电源事件组','','2018-12-14 16:59:20'),(21,0,'电量消息事件组','','2018-12-14 16:59:46'),(22,0,'设备状态事件组','','2018-12-14 17:00:48'),(23,0,'门铃响事件组','','2018-12-14 17:01:01'),(24,0,'情景执行事件组','','2018-12-14 17:01:46'),(25,0,'增加授权事件组','','2018-12-14 17:02:12'),(26,0,'授权变更事件组','','2018-12-14 17:02:23'),(27,0,'家人授权变更事件组','','2018-12-14 17:02:38'),(28,0,'一级告警事件组','','2018-12-14 17:02:52'),(29,0,'短信邮件事件组','','2018-12-14 17:04:08'),(30,0,'安防状态事件组','','2018-12-14 17:04:19'),(31,0,'短信事件组','','2018-12-17 10:03:42'),(32,0,'邮件事件组','','2018-12-17 10:03:52'),(33,0,'App.Notificastion','只推送告警','2018-12-20 09:12:48'),(34,9,'二级告警事件组','','2019-01-08 16:15:10'),(35,9,'设备状态事件组','','2019-01-08 16:22:41'),(36,9,'一级告警事件组','','2019-01-08 16:26:41'),(37,9,'电池消息事件组','','2019-01-08 16:29:57'),(38,7,'二级告警事件组',NULL,'2019-01-09 19:38:12'),(39,7,'设备状态事件组',NULL,'2019-01-09 19:38:12'),(40,7,'一级告警事件组',NULL,'2019-01-09 19:38:12'),(41,7,'电池消息事件组',NULL,'2019-01-09 19:38:12'),(45,8,'二级告警事件组',NULL,'2019-01-10 10:20:04'),(46,8,'设备状态事件组',NULL,'2019-01-10 10:20:04'),(47,8,'一级告警事件组',NULL,'2019-01-10 10:20:04'),(48,8,'电池消息事件组',NULL,'2019-01-10 10:20:04');
/*!40000 ALTER TABLE `msg_eventgroup` ENABLE KEYS */;
UNLOCK TABLES;

--
-- Table structure for table `msg_eventgroupevent`
--

DROP TABLE IF EXISTS `msg_eventgroupevent`;
/*!40101 SET @saved_cs_client     = @@character_set_client */;
/*!40101 SET character_set_client = utf8 */;
CREATE TABLE `msg_eventgroupevent` (
  `msgeventgroupeventid` int(9) NOT NULL AUTO_INCREMENT,
  `msgeventgroupid` int(9) NOT NULL,
  `platform` int(9) NOT NULL,
  `msgeventtypeid` int(9) NOT NULL,
  `eventcode` varchar(128) NOT NULL,
  `createtime` datetime NOT NULL,
  PRIMARY KEY (`msgeventgroupeventid`)
) ENGINE=InnoDB AUTO_INCREMENT=250 DEFAULT CHARSET=utf8;
/*!40101 SET character_set_client = @saved_cs_client */;

--
-- Dumping data for table `msg_eventgroupevent`
--

LOCK TABLES `msg_eventgroupevent` WRITE;
/*!40000 ALTER TABLE `msg_eventgroupevent` DISABLE KEYS */;
INSERT INTO `msg_eventgroupevent` VALUES (37,16,0,21,'passwordchanged','2018-12-14 16:55:37'),(38,16,0,22,'userinfochanged','2018-12-14 16:55:37'),(39,16,0,23,'phoneuserattributechanged','2018-12-14 16:55:37'),(40,30,0,118,'disarm','2018-12-14 17:11:29'),(41,30,0,119,'partitionarm','2018-12-14 17:11:29'),(42,30,0,120,'partitioninhomearm','2018-12-14 17:11:29'),(43,30,0,121,'partitiondisarm','2018-12-14 17:11:29'),(44,30,0,122,'partitionarmwithoutcode','2018-12-14 17:11:29'),(45,30,0,123,'partitionarmwithcode','2018-12-14 17:11:29'),(46,30,0,116,'arm','2018-12-14 17:12:03'),(47,30,0,117,'inhomearm','2018-12-14 17:12:03'),(51,29,0,24,'invation','2018-12-14 17:16:24'),(52,29,0,94,'bulliedopenlock','2018-12-14 17:16:45'),(54,21,0,38,'battery','2018-12-14 17:21:00'),(55,21,0,98,'lowbattery','2018-12-14 17:21:00'),(56,17,0,25,'remoteonline','2018-12-14 17:23:59'),(57,17,0,27,'setowner','2018-12-14 17:24:11'),(58,17,0,29,'editgateway','2018-12-14 17:24:22'),(60,17,0,32,'deleteremote','2018-12-14 17:24:53'),(61,17,0,39,'addzwavedevice','2018-12-14 17:25:24'),(62,17,0,40,'editzwavedevice','2018-12-14 17:25:24'),(63,17,0,41,'deletezwavedevice','2018-12-14 17:25:24'),(64,17,0,43,'remoteunlockforbidden','2018-12-14 17:25:39'),(65,17,0,44,'remoteunlockenabled','2018-12-14 17:25:39'),(66,17,0,50,'addinfrareddevice','2018-12-14 17:26:34'),(67,17,0,51,'editinfrareddevice','2018-12-14 17:26:35'),(68,17,0,52,'deleteinfrareddevice','2018-12-14 17:26:35'),(69,17,0,53,'addcamera','2018-12-14 17:26:58'),(70,17,0,54,'editcamera','2018-12-14 17:26:58'),(71,17,0,55,'deletecamera','2018-12-14 17:26:58'),(72,17,0,60,'addscene','2018-12-14 17:27:30'),(73,17,0,61,'editscene','2018-12-14 17:27:30'),(74,17,0,62,'deletescene','2018-12-14 17:27:30'),(75,17,0,64,'addroom','2018-12-14 17:27:45'),(76,17,0,65,'editroom','2018-12-14 17:27:45'),(77,17,0,66,'addroomappliance','2018-12-14 17:27:45'),(78,17,0,67,'deleteroomappliance','2018-12-14 17:27:45'),(79,17,0,68,'adddevicegroup','2018-12-14 17:29:03'),(80,17,0,69,'editdevicegroup','2018-12-14 17:29:03'),(81,17,0,70,'deletedevicegroup','2018-12-14 17:29:03'),(82,17,0,71,'addpartition','2018-12-14 17:29:19'),(83,17,0,72,'editpartition','2018-12-14 17:29:19'),(84,17,0,73,'deletepartition','2018-12-14 17:29:19'),(85,27,0,79,'familyinvitationaccepted','2018-12-14 17:32:33'),(86,27,0,82,'familyinvitationdeleted','2018-12-14 17:32:33'),(87,26,0,78,'shareinvitationaccepted','2018-12-14 17:33:39'),(88,26,0,80,'shareinvitationrejected','2018-12-14 17:33:39'),(89,26,0,81,'shareinvitationdeleted','2018-12-14 17:33:39'),(90,25,0,77,'shareinvitation','2018-12-14 17:34:25'),(91,24,0,63,'sceneexecute','2018-12-14 17:35:45'),(92,23,0,45,'lockdoorbellring','2018-12-14 17:36:38'),(93,23,0,59,'catdoorbellring','2018-12-14 17:36:39'),(94,19,0,28,'iremoteownerchanged','2018-12-14 17:37:23'),(95,20,0,31,'remotepowertype','2018-12-14 17:38:38'),(96,18,0,26,'remoteoffline','2018-12-14 17:39:58'),(97,18,0,56,'cameradectectmove','2018-12-14 17:40:14'),(98,18,0,88,'dooropen','2018-12-14 17:40:27'),(99,18,0,89,'doorlockopen','2018-12-14 17:40:46'),(100,18,0,93,'locklockerror','2018-12-14 17:41:35'),(101,18,0,46,'poweroverload','2018-12-14 17:41:46'),(102,18,0,96,'movein','2018-12-14 17:41:55'),(103,28,0,83,'smoke','2018-12-14 17:43:13'),(104,28,0,84,'waterleak','2018-12-14 17:43:13'),(105,28,0,85,'gasleak','2018-12-14 17:43:13'),(106,28,0,86,'tampleralarm','2018-12-14 17:43:13'),(107,28,0,87,'sos','2018-12-14 17:43:13'),(108,28,0,90,'passworderror5times','2018-12-14 17:43:13'),(109,28,0,91,'lockkeyerror','2018-12-14 17:43:13'),(110,28,0,92,'lockkeyevent','2018-12-14 17:43:13'),(112,22,0,34,'devicestatus','2018-12-14 17:48:09'),(113,22,0,42,'subdevicestatus','2018-12-14 17:48:09'),(114,22,0,47,'disabledevice','2018-12-14 17:48:09'),(115,22,0,48,'enabledevice','2018-12-14 17:48:09'),(116,22,0,49,'devicearmstatuschange','2018-12-14 17:48:09'),(117,22,0,57,'cameraoffline','2018-12-14 17:48:09'),(118,22,0,58,'cameraonline','2018-12-14 17:48:09'),(119,22,0,74,'armstatuschange','2018-12-14 17:48:09'),(120,22,0,75,'partitionarmstatuschange','2018-12-14 17:48:09'),(121,22,0,97,'malfunction','2018-12-14 17:48:09'),(122,22,0,35,'doorclose','2018-12-14 17:49:45'),(123,22,0,36,'doorlockclose','2018-12-14 17:49:46'),(124,22,0,37,'moveout','2018-12-14 17:49:46'),(125,22,0,100,'unalarmtampleralarm','2018-12-14 17:49:46'),(126,22,0,101,'unalarmsos','2018-12-14 17:49:46'),(127,22,0,102,'unalarmsmoke','2018-12-14 17:49:46'),(128,22,0,103,'unalarmgasleak','2018-12-14 17:49:46'),(129,22,0,104,'unalarmwaterleak','2018-12-14 17:49:46'),(130,22,0,105,'unalarmpassworderror5times','2018-12-14 17:49:46'),(131,22,0,106,'unalarmlockkeyerror','2018-12-14 17:49:46'),(132,22,0,107,'unalarmmovein','2018-12-14 17:49:46'),(133,22,0,109,'unalarmdoorlockopen','2018-12-14 17:49:46'),(134,22,0,113,'unalarmpoweroverload','2018-12-14 17:49:46'),(135,22,0,114,'unalarmcameradectectmove','2018-12-14 17:49:46'),(136,22,0,115,'unalarmdscalarm','2018-12-14 17:49:46'),(137,22,0,108,'unalarmdooropen','2018-12-14 17:50:41'),(138,22,0,110,'unalarmbulliedopenlock','2018-12-14 17:50:41'),(139,22,0,111,'unalarmlocklockerror','2018-12-14 17:50:41'),(140,22,0,112,'unalarmlockkeyevent','2018-12-14 17:50:41'),(141,31,0,18,'phoneuserrandcode','2018-12-17 10:06:02'),(142,32,0,19,'mailuserrandcode','2018-12-17 10:07:22'),(143,32,0,20,'mailresetpassword','2018-12-17 10:07:22'),(144,31,0,124,'smsrunout','2018-12-17 10:07:48'),(145,22,0,99,'recovery','2018-12-17 10:56:33'),(146,31,0,130,'smscount','2018-12-19 14:30:24'),(147,33,0,125,'dscpartitionarmstatusnotification','2018-12-20 09:14:18'),(148,22,0,131,'cobbedoorlockstatus','2018-12-20 09:29:10'),(149,33,0,127,'partitionpasswordwrong','2018-12-20 09:39:21'),(150,33,0,128,'setpartitionarmstatusfailed','2018-12-20 09:48:03'),(151,17,0,129,'pushremoteonline','2018-12-20 09:49:35'),(152,22,0,132,'pushinfochanged','2018-12-20 09:53:13'),(153,22,0,133,'humidity','2018-12-20 10:08:13'),(154,22,0,134,'pushsubdevicestatus','2018-12-20 10:21:15'),(155,22,0,142,'unalarmefencedisconnection','2018-12-20 11:10:55'),(156,22,0,143,'unalarmefenceshortcircuit','2018-12-20 11:10:55'),(157,22,0,144,'unalarmefencetampler','2018-12-20 11:10:55'),(158,22,0,145,'unalarmefenceinstrusion','2018-12-20 11:10:55'),(159,22,0,146,'unalarmefencesamelineshortcircuit','2018-12-20 11:10:55'),(160,22,0,147,'unalarmefencepoweroff','2018-12-20 11:10:55'),(161,22,0,148,'unalarmefencecontact','2018-12-20 11:10:55'),(162,28,0,135,'efencedisconnection','2018-12-20 11:11:42'),(163,28,0,136,'efenceshortcircuit','2018-12-20 11:11:42'),(164,28,0,137,'efencetampler','2018-12-20 11:11:42'),(165,28,0,138,'efenceinstrusion','2018-12-20 11:11:42'),(166,28,0,139,'efencecontact','2018-12-20 11:11:42'),(167,28,0,140,'efencesamelineshortcircuit','2018-12-20 11:11:42'),(168,28,0,141,'efencepoweroff','2018-12-20 11:11:42'),(170,16,0,149,'remainingnumber','2018-12-24 10:48:27'),(171,34,9,26,'remoteoffline','2019-01-08 16:15:54'),(172,34,9,88,'dooropen','2019-01-08 16:16:44'),(173,34,9,89,'doorlockopen','2019-01-08 16:17:00'),(174,34,9,93,'locklockerror','2019-01-08 16:17:29'),(175,34,9,46,'poweroverload','2019-01-08 16:18:05'),(176,34,9,96,'movein','2019-01-08 16:18:21'),(177,35,9,57,'cameraoffline','2019-01-08 16:23:06'),(178,34,9,56,'cameradectectmove','2019-01-08 16:23:40'),(183,36,9,83,'smoke','2019-01-08 16:27:08'),(184,36,9,84,'waterleak','2019-01-08 16:27:21'),(185,36,9,85,'gasleak','2019-01-08 16:27:33'),(186,36,9,86,'tampleralarm','2019-01-08 16:27:42'),(187,36,9,90,'passworderror5times','2019-01-08 16:28:00'),(188,36,9,91,'lockkeyerror','2019-01-08 16:28:11'),(189,36,9,92,'lockkeyevent','2019-01-08 16:28:37'),(190,36,9,95,'dscalarm','2019-01-08 16:29:06'),(191,35,9,97,'malfunction','2019-01-08 16:29:22'),(192,37,9,98,'lowbattery','2019-01-08 16:30:06'),(193,38,7,26,'remoteoffline','2019-01-09 20:02:16'),(194,38,7,88,'dooropen','2019-01-09 20:02:16'),(195,38,7,89,'doorlockopen','2019-01-09 20:02:16'),(196,38,7,93,'locklockerror','2019-01-09 20:02:16'),(197,38,7,46,'poweroverload','2019-01-09 20:02:16'),(198,38,7,96,'movein','2019-01-09 20:02:16'),(199,38,7,56,'cameradectectmove','2019-01-09 20:02:16'),(200,39,7,57,'cameraoffline','2019-01-09 20:05:14'),(201,39,7,97,'malfunction','2019-01-09 20:05:14'),(203,40,7,83,'smoke','2019-01-09 20:05:22'),(204,40,7,84,'waterleak','2019-01-09 20:05:22'),(205,40,7,85,'gasleak','2019-01-09 20:05:22'),(206,40,7,86,'tampleralarm','2019-01-09 20:05:22'),(207,40,7,90,'passworderror5times','2019-01-09 20:05:22'),(208,40,7,91,'lockkeyerror','2019-01-09 20:05:22'),(209,40,7,92,'lockkeyevent','2019-01-09 20:05:22'),(210,40,7,95,'dscalarm','2019-01-09 20:05:22'),(218,41,7,98,'lowbattery','2019-01-09 20:05:29'),(219,45,8,26,'remoteoffline','2019-01-10 10:24:38'),(220,45,8,88,'dooropen','2019-01-10 10:24:38'),(221,45,8,89,'doorlockopen','2019-01-10 10:24:38'),(222,45,8,93,'locklockerror','2019-01-10 10:24:38'),(223,45,8,46,'poweroverload','2019-01-10 10:24:38'),(224,45,8,96,'movein','2019-01-10 10:24:38'),(225,45,8,56,'cameradectectmove','2019-01-10 10:24:38'),(226,46,8,57,'cameraoffline','2019-01-10 10:24:38'),(227,46,8,97,'malfunction','2019-01-10 10:24:38'),(228,47,8,83,'smoke','2019-01-10 10:24:38'),(229,47,8,84,'waterleak','2019-01-10 10:24:38'),(230,47,8,85,'gasleak','2019-01-10 10:24:38'),(231,47,8,86,'tampleralarm','2019-01-10 10:24:38'),(232,47,8,90,'passworderror5times','2019-01-10 10:24:38'),(233,47,8,91,'lockkeyerror','2019-01-10 10:24:38'),(234,47,8,92,'lockkeyevent','2019-01-10 10:24:38'),(235,47,8,95,'dscalarm','2019-01-10 10:24:38'),(236,48,8,98,'lowbattery','2019-01-10 10:24:38');
/*!40000 ALTER TABLE `msg_eventgroupevent` ENABLE KEYS */;
UNLOCK TABLES;

--
-- Table structure for table `msg_eventtype`
--

DROP TABLE IF EXISTS `msg_eventtype`;
/*!40101 SET @saved_cs_client     = @@character_set_client */;
/*!40101 SET character_set_client = utf8 */;
CREATE TABLE `msg_eventtype` (
  `msgeventtypeid` int(9) NOT NULL AUTO_INCREMENT,
  `eventtypename` varchar(256) NOT NULL,
  `eventcode` varchar(128) NOT NULL,
  `decription` varchar(1024) DEFAULT NULL,
  `createtime` datetime NOT NULL,
  PRIMARY KEY (`msgeventtypeid`)
) ENGINE=InnoDB AUTO_INCREMENT=150 DEFAULT CHARSET=utf8;
/*!40101 SET character_set_client = @saved_cs_client */;

--
-- Dumping data for table `msg_eventtype`
--

LOCK TABLES `msg_eventtype` WRITE;
/*!40000 ALTER TABLE `msg_eventtype` DISABLE KEYS */;
INSERT INTO `msg_eventtype` VALUES (18,'手机注册和重置密码随机码','phoneuserrandcode','手机注册和重置密码随机码','2018-11-23 15:11:38'),(19,'邮箱注册随机码','mailuserrandcode','邮箱注册随机码','2018-11-23 15:12:13'),(20,'邮箱用户密码找回','mailresetpassword','邮箱用户密码找回','2018-11-23 15:12:53'),(21,'修改密码','passwordchanged','修改密码','2018-11-23 15:13:24'),(22,'修改用户资料','userinfochanged','修改用户资料（修改头像，名称，时间段设置变化，短信条数变更，用户城市）','2018-11-23 15:14:07'),(23,'修改属性','phoneuserattributechanged','修改属性（用户是否注册乐橙）','2018-11-23 15:14:27'),(24,'注册邀请','invation','注册邀请','2018-11-23 15:14:52'),(25,'上线','remoteonline','网关上线','2018-11-23 15:15:23'),(26,'离线','remoteoffline','网关离线','2018-11-23 15:16:14'),(27,'设置主人','setowner','设置主人','2018-11-23 15:16:32'),(28,'网关主人变更','iremoteownerchanged','网关主人变更，智能配置把其它账号的网关配置到自己账号','2018-11-23 15:19:14'),(29,'修改名称','editgateway','修改名称','2018-11-23 15:19:39'),(31,'切换电源','remotepowertype','切换电源','2018-11-23 15:21:03'),(32,'删除网关','deleteremote','删除网关','2018-11-23 15:21:51'),(33,'网关能力集变更','remotecapability','网关能力集变更','2018-11-23 15:23:15'),(34,'设备状态','devicestatus','设备状态','2018-11-23 15:23:30'),(35,'门磁关','doorclose','门磁关消息','2018-11-23 15:25:59'),(36,'门锁关','doorlockclose','门锁关消息','2018-11-23 15:26:19'),(37,'人员离开','moveout','人员离开感应区消息','2018-11-23 15:26:35'),(38,'电池电量','battery','电池电量','2018-11-23 15:26:51'),(39,'增加设备','addzwavedevice','增加zwave设备','2018-11-23 15:27:10'),(40,'修改设备','editzwavedevice','修改zwave设备','2018-11-23 15:27:24'),(41,'删除设备','deletezwavedevice','删除zwave设备','2018-11-23 15:27:40'),(42,'子设备状态变化','subdevicestatus','子设备状态变化','2018-11-23 15:29:21'),(43,'禁止远程开锁功能','remoteunlockforbidden','禁止远程开锁功能','2018-11-23 15:29:50'),(44,'开启远程开锁功能','remoteunlockenabled','开启远程开锁功能','2018-11-23 15:30:06'),(45,'门锁门铃响','lockdoorbellring','门锁上有门铃按钮一按后收到消息通知','2018-11-23 15:31:21'),(46,'功率过载','poweroverload','功率过载告警','2018-11-23 15:31:51'),(47,'失效','disabledevice','设备失效','2018-11-23 15:32:09'),(48,'恢复','enabledevice','设备恢复','2018-11-23 15:32:24'),(49,'设备设防、撤防','devicearmstatuschange','设备设防、撤防','2018-11-23 15:33:11'),(50,'增加红外设备','addinfrareddevice','增加红外设备','2018-11-23 15:33:31'),(51,'修改红外设备','editinfrareddevice','修改红外设备','2018-11-23 15:33:44'),(52,'删除红外设备','deleteinfrareddevice','删除红外设备','2018-11-23 15:34:01'),(53,'增加摄像头设备','addcamera','增加摄像头设备','2018-11-23 15:34:23'),(54,'修改摄像头设备','editcamera','修改摄像头设备','2018-11-23 15:34:40'),(55,'删除摄像头设备','deletecamera','删除摄像头设备','2018-11-23 15:34:56'),(56,'移动事件','cameradectectmove','移动事件','2018-11-23 15:35:12'),(57,'摄像头离线','cameraoffline','摄像头离线','2018-11-23 15:35:38'),(58,'摄像头上线','cameraonline','摄像头上线','2018-11-23 15:35:57'),(59,'猫眼门铃','catdoorbellring','猫眼门铃','2018-11-23 16:41:06'),(60,'增加情景','addscene','增加情景','2018-11-23 16:41:24'),(61,'修改情景','editscene','修改情景','2018-11-23 16:41:41'),(62,'删除情景','deletescene','删除情景','2018-11-23 16:42:21'),(63,'执行情景','sceneexecute','执行情景','2018-11-23 16:42:38'),(64,'增加房间','addroom','增加房间','2018-11-23 16:42:58'),(65,'修改房间','editroom','修改房间','2018-11-23 16:43:10'),(66,'增加房间设备','addroomappliance','增加房间设备','2018-11-23 16:43:30'),(67,'删除房间设备','deleteroomappliance','删除房间设备','2018-11-23 16:43:47'),(68,'增加设备组','adddevicegroup','增加设备组','2018-11-23 16:44:03'),(69,'修改设备组','editdevicegroup','修改设备组','2018-11-23 16:44:17'),(70,'删除设备组','deletedevicegroup','删除设备组','2018-11-23 16:44:34'),(71,'增加防区','addpartition','增加防区','2018-11-23 16:46:38'),(72,'修改防区','editpartition','修改防区','2018-11-23 16:46:53'),(73,'删除防区','deletepartition','删除防区','2018-11-23 16:47:06'),(74,'设防、撤防','armstatuschange','设防、撤防','2018-11-23 16:49:41'),(75,'防区设防、撤防、延时设防、延时撤防','partitionarmstatuschange','防区设防、撤防、延时设防、延时撤防','2018-11-23 16:50:24'),(76,'防区告警','partitionwarningstatus','防区告警','2018-11-23 16:50:46'),(77,'增加授权','shareinvitation','增加授权','2018-11-23 16:51:16'),(78,'接受朋友授权','shareinvitationaccepted','接受朋友授权','2018-11-23 16:52:14'),(79,'接受家人授权','familyinvitationaccepted','接受家人授权','2018-11-23 16:52:30'),(80,'拒绝授权','shareinvitationrejected','拒绝授权','2018-11-23 16:52:49'),(81,'删除朋友授权','shareinvitationdeleted','删除朋友授权(全部、单个设备)','2018-11-23 16:53:08'),(82,'删除家人授权','familyinvitationdeleted','删除家人授权','2018-11-23 16:53:24'),(83,'烟雾告警','smoke','烟雾告警','2018-12-14 15:53:24'),(84,'漏水告警','waterleak','漏水告警','2018-12-14 15:53:47'),(85,'煤气泄漏告警','gasleak','煤气泄漏告警','2018-12-14 15:54:12'),(86,'防拆告警','tampleralarm','防拆告警','2018-12-14 15:54:39'),(87,'sos告警','sos','sos告警','2018-12-14 15:54:56'),(88,'门磁开告警','dooropen','门磁开告警','2018-12-14 15:55:52'),(89,'门锁开告警','doorlockopen','门锁开告警','2018-12-14 15:56:13'),(90,'试错告警','passworderror5times','连续5次输错门锁密码告警','2018-12-14 15:56:59'),(91,'机械钥匙不匹配告警','lockkeyerror','机械钥匙不匹配告警','2018-12-14 15:57:28'),(92,'机械钥匙告警','lockkeyevent','机械钥匙告警','2018-12-14 15:57:55'),(93,'关锁失败告警','locklockerror','关锁失败告警','2018-12-14 15:58:47'),(94,'门锁胁迫告警','bulliedopenlock','门锁胁迫告警','2018-12-14 15:59:35'),(95,'DSC安防设备告警','dscalarm','DSC上报告警(火警，医疗，紧急告警等)','2018-12-14 16:04:22'),(96,'移动告警','movein','移动告警','2018-12-14 16:05:12'),(97,'设备故障告警','malfunction','设备故障告警','2018-12-14 16:05:57'),(98,'低电量告警','lowbattery','电池电量不足告警','2018-12-14 16:06:45'),(99,'设备恢复','recovery','设备恢复','2018-12-14 16:09:03'),(100,'解除防拆告警','unalarmtampleralarm','解除防拆告警','2018-12-14 16:11:25'),(101,'解除sos告警','unalarmsos','解除sos告警','2018-12-14 16:12:15'),(102,'解除烟雾告警','unalarmsmoke','解除烟雾告警','2018-12-14 16:12:49'),(103,'解除煤气泄漏告警','unalarmgasleak','解除煤气泄漏告警','2018-12-14 16:14:16'),(104,'解除漏水告警','unalarmwaterleak','解除漏水告警','2018-12-14 16:14:41'),(105,'解除试错告警','unalarmpassworderror5times','解除试错告警','2018-12-14 16:15:42'),(106,'解除机械钥匙不匹配告警','unalarmlockkeyerror','解除机械钥匙不匹配告警','2018-12-14 16:16:32'),(107,'解除移动告警','unalarmmovein','解除移动告警','2018-12-14 16:16:59'),(108,'解除门磁开告警','unalarmdooropen','解除门磁开告警','2018-12-14 16:17:27'),(109,'解除门锁开告警','unalarmdoorlockopen','解除门锁开告警','2018-12-14 16:17:59'),(110,'解除门锁胁迫告警','unalarmbulliedopenlock','解除门锁胁迫告警','2018-12-14 16:19:06'),(111,'解除门锁关门失败告警','unalarmlocklockerror','解除门锁关门失败告警','2018-12-14 16:19:30'),(112,'解除门锁钥匙开门告警','unalarmlockkeyevent','解除门锁钥匙开门告警','2018-12-14 16:20:07'),(113,'解除功率过载告警','unalarmpoweroverload','解除功率过载告警','2018-12-14 16:21:41'),(114,'解除摄像头检测到物体移动告警','unalarmcameradectectmove','解除摄像头检测到物体移动告警','2018-12-14 16:22:18'),(115,'解除DSC安防设备告警','unalarmdscalarm','解除DSC安防设备告警','2018-12-14 16:23:20'),(116,'离家设防','arm','离家设防','2018-12-14 16:24:01'),(117,'在家设防','inhomearm','在家设防','2018-12-14 16:24:18'),(118,'撤防','disarm','撤防','2018-12-14 16:24:36'),(119,'防区设防','partitionarm','防区设防','2018-12-14 16:24:53'),(120,'防区在家设防','partitioninhomearm','防区在家设防','2018-12-14 16:25:25'),(121,'防区撤防','partitiondisarm','防区撤防','2018-12-14 16:25:47'),(122,'*9设防','partitionarmwithoutcode','*9设防','2018-12-14 16:26:09'),(123,'密码设防','partitionarmwithcode','密码设防','2018-12-14 16:26:25'),(124,'短信用完','smsrunout','短信用完','2018-12-14 16:28:01'),(125,'dsc设防成功','dscpartitionarmstatusnotification','dsc设防成功','2018-12-14 16:28:37'),(126,'设防成功部分设备设防失败','armsuccessdevicefailed','设防成功,但部分设备处于打开状态, 处于打开的设备变量为 pname.','2018-12-14 16:38:34'),(127,'门锁联动防区设防失败','partitionpasswordwrong','门锁联动防区设防失败','2018-12-14 16:42:12'),(128,'情景联动防区设防失败','setpartitionarmstatusfailed','情景联动防区设防失败','2018-12-14 16:42:40'),(129,'网关上线（推app）','pushremoteonline','网关上线（推app）','2018-12-14 16:43:22'),(130,'短信数量','smscount','短信数量已经耗完','2018-12-19 14:18:08'),(131,'门锁故障','cobbedoorlockstatus','门锁故障的时候会以此推送到app,事件名还是malfunction','2018-12-20 09:27:33'),(132,'infochanged','pushinfochanged','推送的是infochagned','2018-12-20 09:51:45'),(133,'环境湿度报告','humidity','','2018-12-20 10:07:24'),(134,'子设备状态','pushsubdevicestatus','','2018-12-20 10:18:14'),(135,'电子围栏断线告警','efencedisconnection','','2018-12-20 10:57:44'),(136,'电子围栏短路告警','efenceshortcircuit','','2018-12-20 10:58:09'),(137,'电子围栏设备破坏告警','efencetampler','','2018-12-20 10:58:56'),(138,'电子围栏入侵告警','efenceinstrusion','','2018-12-20 10:59:22'),(139,'电子围栏触网告警','efencecontact','','2018-12-20 10:59:35'),(140,'电子围栏同线短路告警','efencesamelineshortcircuit','','2018-12-20 10:59:56'),(141,'电子围栏断电告警','efencepoweroff','','2018-12-20 11:00:13'),(142,'电子围栏解除断线告警','unalarmefencedisconnection','','2018-12-20 11:01:17'),(143,'电子围栏解除短路告警','unalarmefenceshortcircuit','','2018-12-20 11:01:39'),(144,'电子围栏解除破坏告警','unalarmefencetampler','','2018-12-20 11:01:57'),(145,'电子围栏解除入侵告警','unalarmefenceinstrusion','','2018-12-20 11:02:12'),(146,'电子围栏解除同线短路告警','unalarmefencesamelineshortcircuit','','2018-12-20 11:03:01'),(147,'电子围栏解除断电告警','unalarmefencepoweroff','','2018-12-20 11:04:07'),(148,'电子围栏解除触网告警','unalarmefencecontact','','2018-12-20 11:05:25'),(149,'告知短信数量','remainingnumber','','2018-12-24 10:44:44');
/*!40000 ALTER TABLE `msg_eventtype` ENABLE KEYS */;
UNLOCK TABLES;

--
-- Table structure for table `msg_processclass`
--

DROP TABLE IF EXISTS `msg_processclass`;
/*!40101 SET @saved_cs_client     = @@character_set_client */;
/*!40101 SET character_set_client = utf8 */;
CREATE TABLE `msg_processclass` (
  `msgprocessclassid` int(9) NOT NULL AUTO_INCREMENT,
  `name` varchar(1024) NOT NULL,
  `classname` varchar(1024) NOT NULL,
  `type` int(9) NOT NULL,
  `subtype` int(9) DEFAULT NULL,
  `decription` varchar(1024) DEFAULT NULL,
  `createtime` datetime NOT NULL,
  PRIMARY KEY (`msgprocessclassid`)
) ENGINE=InnoDB AUTO_INCREMENT=37 DEFAULT CHARSET=utf8;
/*!40101 SET character_set_client = @saved_cs_client */;

--
-- Dumping data for table `msg_processclass`
--

LOCK TABLES `msg_processclass` WRITE;
/*!40000 ALTER TABLE `msg_processclass` DISABLE KEYS */;
INSERT INTO `msg_processclass` VALUES (1,'仅主人','cn.com.isurpass.iremotemessager.targetdecision.OwnerTargetDecision',1,NULL,'推送给主人','2018-11-03 15:22:16'),(2,'家庭成员','cn.com.isurpass.iremotemessager.targetdecision.FamilyMemeberTargetDecision',1,NULL,'推送给家庭成员','2018-11-03 15:23:09'),(3,'家庭成员和朋友','cn.com.isurpass.iremotemessager.targetdecision.FamilyandFriendsTargetDecision',1,NULL,'推送给家庭成员和朋友','2018-11-03 15:24:10'),(4,'有操作权限的人','cn.com.isurpass.iremotemessager.targetdecision.CanOperatePeopleTargetDecision',1,NULL,'推送给有操作权限的人','2018-11-03 15:24:57'),(5,'被授权人','cn.com.isurpass.iremotemessager.targetdecision.AuthorizedPersonTargetDecision',1,NULL,'推送给被授权人','2018-11-06 11:56:58'),(6,'授权人和被授权人','cn.com.isurpass.iremotemessager.targetdecision.AuthorizerAndAuthorizedPersonTargetDecision',1,NULL,'推送给授权人和被授权人','2018-11-06 11:57:49'),(7,'指定的手机号码','cn.com.isurpass.iremotemessager.targetdecision.PhoneNumberTargetDecision',1,NULL,'发短信给指定的手机号码','2018-11-06 12:00:12'),(8,'指定的邮箱','cn.com.isurpass.iremotemessager.targetdecision.MailTargetDecision',1,NULL,'发邮件给指定的邮箱','2018-11-08 19:58:22'),(9,'网关原主人','cn.com.isurpass.iremotemessager.targetdecision.GatewayOriginalOwnerTargetDecision',1,NULL,'推送给网关原主人','2018-11-12 09:41:36'),(10,'App自定义消息推送','cn.com.isurpass.iremotemessager.methoddecision.JPushMessageMethodDecision',2,NULL,'App自定义消息','2018-11-12 09:45:30'),(11,'App告警消息推送','cn.com.isurpass.iremotemessager.methoddecision.JPushNotificationMethodDecision',2,NULL,'App告警','2018-11-12 10:36:07'),(12,'按电源供电状态推送','cn.com.isurpass.iremotemessager.methoddecision.JPushNotificationByPowerStatusMethodDecision',2,NULL,'适配器供电时推送消息,电池供电时推送告警','2018-11-12 11:50:48'),(13,'按情景推送','cn.com.isurpass.iremotemessager.methoddecision.JPushNotificationBySceneSettingMethodDecision',2,NULL,'按情景推送','2018-11-13 10:56:04'),(14,'按告警状态推送','cn.com.isurpass.iremotemessager.methoddecision.JPushNotificationByWarningStatusMethodDecision',2,NULL,'按告警状态推送','2018-11-13 10:56:45'),(15,'推送告警和邮件','cn.com.isurpass.iremotemessager.methoddecision.JPushNotificationMailMethodDecision',2,NULL,'推送告警和邮件','2018-11-13 10:57:49'),(16,'推送告警,邮件,短信','cn.com.isurpass.iremotemessager.methoddecision.JPushNotificationMailSmsMethodDecision',2,NULL,'推送告警,邮件,短信','2018-11-13 10:58:21'),(17,'推送告警','cn.com.isurpass.iremotemessager.methoddecision.JPushNotificationMethodDecision',2,NULL,'推送告警','2018-11-13 10:59:05'),(18,'仅推送邮件','cn.com.isurpass.iremotemessager.methoddecision.MailMethodDecision',2,NULL,'仅推送邮件','2018-11-13 11:00:20'),(19,'仅短信','cn.com.isurpass.iremotemessager.methoddecision.SmsMethodDecision',2,NULL,'仅短信','2018-11-13 11:00:58'),(20,'按时间窗设置推送','cn.com.isurpass.iremotemessager.methoddecision.NotificationTimeWindownSettingMethodDecision',2,NULL,'按时间窗设置推送','2018-11-13 11:01:26'),(21,'InfoChangedParser','cn.com.isurpass.iremotemessager.messageparser.JPushMessageInfoChangedParser',3,1,'InfoChanged内容生成','2018-11-13 11:03:52'),(22,'JPushMessageParser','cn.com.isurpass.iremotemessager.messageparser.JPushMessageParser',3,1,'JPushMessageParser','2018-11-13 11:04:34'),(23,'JPushNotificationParser','cn.com.isurpass.iremotemessager.messageparser.JPushNotificationParser',3,2,'JPushNotificationParser','2018-11-13 11:04:52'),(24,'MailParser','cn.com.isurpass.iremotemessager.messageparser.MailParser',3,4,'MailParser','2018-11-13 11:05:17'),(25,'SMSParser','cn.com.isurpass.iremotemessager.messageparser.SmsParser',3,3,'SMSParser','2018-11-13 11:05:56'),(26,'JPuShMessageSender','cn.com.isurpass.iremotemessager.sender.JPushMessageSender',4,1,'JPushMessageSender','2018-11-13 11:08:45'),(27,'JPushNotification','cn.com.isurpass.iremotemessager.sender.JPushNotificationSender',4,2,'JPushNotification','2018-11-13 11:09:11'),(28,'MailSender','cn.com.isurpass.iremotemessager.sender.MailSender',4,4,'MailSender','2018-11-13 11:09:35'),(29,'AmetaPhoneUserSmsSender','cn.com.isurpass.iremotemessager.sender.AmetaPhoneUserSmsSender',4,3,'AmetaPhoneUserSmsSender','2018-11-13 11:10:14'),(30,'NorthAmericanPhoneUserSmsSender','cn.com.isurpass.iremotemessager.sender.NorthAmericanPhoneUserSmsSender',4,3,'NorthAmericanPhoneUserSmsSender','2018-11-13 11:10:38'),(31,'TencentSender','cn.com.isurpass.iremotemessager.sender.TencentSender0',4,3,'TencentSender0','2018-11-13 11:11:19'),(32,'腾讯国内短信','cn.com.isurpass.iremotemessager.sender.TencentOnlyDomesticSender',4,3,'TencentOnlyDomesticSender','2018-12-10 18:00:00'),(33,'邮箱或者手机号码','cn.com.isurpass.iremotemessager.targetdecision.MailOrPhoneNumberTargetDecision',1,NULL,'邮箱或者手机号码二选一,根据推送的参数判断','2018-12-17 11:00:00'),(34,'设置网关主人','cn.com.isurpass.iremotemessager.targetdecision.RemoteOwnerSettingTargetDecision',1,NULL,'推送给网关主人','2018-12-17 11:00:00'),(35,'邮箱和短信','cn.com.isurpass.iremotemessager.methoddecision.MailAndSmsMethodDecision',2,NULL,'邮箱和短信','2018-12-18 18:00:00'),(36,'按通知App和Mail值推送','cn.com.isurpass.iremotemessager.methoddecision.JPushNotificationByAppMailSettingMethodDecision',2,NULL,'按 Notificationsetting.App 和 Notificationsetting.Mail 值推送','2018-12-19 18:00:00');
/*!40000 ALTER TABLE `msg_processclass` ENABLE KEYS */;
UNLOCK TABLES;

--
-- Table structure for table `msg_pushsetting`
--

DROP TABLE IF EXISTS `msg_pushsetting`;
/*!40101 SET @saved_cs_client     = @@character_set_client */;
/*!40101 SET character_set_client = utf8 */;
CREATE TABLE `msg_pushsetting` (
  `msgpushsettingid` int(9) NOT NULL AUTO_INCREMENT,
  `platform` int(9) NOT NULL,
  `msgeventgroupid` int(9) NOT NULL,
  `msgpushtargetdecisionid` int(9) NOT NULL,
  `msgpushmethodid` int(9) NOT NULL,
  `createtime` datetime NOT NULL,
  PRIMARY KEY (`msgpushsettingid`)
) ENGINE=InnoDB AUTO_INCREMENT=66 DEFAULT CHARSET=utf8;
/*!40101 SET character_set_client = @saved_cs_client */;

--
-- Dumping data for table `msg_pushsetting`
--

LOCK TABLES `msg_pushsetting` WRITE;
/*!40000 ALTER TABLE `msg_pushsetting` DISABLE KEYS */;
INSERT INTO `msg_pushsetting` VALUES (5,0,21,4,10,'2018-12-18 15:46:04'),(6,0,29,33,35,'2018-12-18 18:06:42'),(7,0,16,1,10,'2018-12-18 18:08:23'),(8,0,17,4,10,'2018-12-18 18:09:15'),(9,0,18,4,20,'2018-12-18 18:09:46'),(10,0,19,9,16,'2018-12-18 18:10:36'),(11,0,22,4,10,'2018-12-18 18:11:45'),(12,0,23,4,11,'2018-12-18 18:13:50'),(13,0,24,3,10,'2018-12-18 18:14:44'),(14,0,25,5,11,'2018-12-18 18:15:26'),(15,0,26,6,10,'2018-12-18 18:16:24'),(16,0,28,4,16,'2018-12-18 18:18:32'),(17,0,30,4,10,'2018-12-18 18:19:15'),(18,0,31,7,19,'2018-12-19 14:31:57'),(19,0,33,4,11,'2018-12-20 09:13:54'),(20,9,34,4,14,'2019-01-09 19:20:43'),(21,9,35,4,14,'2019-01-09 19:21:28'),(22,9,36,4,14,'2019-01-09 19:22:05'),(23,9,37,4,14,'2019-01-09 19:23:42'),(55,7,38,4,14,'2019-01-09 20:12:31'),(56,7,39,4,14,'2019-01-09 20:12:31'),(57,7,40,4,14,'2019-01-09 20:12:31'),(58,7,41,4,14,'2019-01-09 20:12:31'),(62,8,45,4,36,'2019-01-10 10:31:55'),(63,8,46,4,36,'2019-01-10 10:32:16'),(64,8,47,4,36,'2019-01-10 10:32:32'),(65,8,48,4,36,'2019-01-10 10:32:49');
/*!40000 ALTER TABLE `msg_pushsetting` ENABLE KEYS */;
UNLOCK TABLES;

--
-- Table structure for table `msg_pushsettingdtl`
--

DROP TABLE IF EXISTS `msg_pushsettingdtl`;
/*!40101 SET @saved_cs_client     = @@character_set_client */;
/*!40101 SET character_set_client = utf8 */;
CREATE TABLE `msg_pushsettingdtl` (
  `msgpushsettingdtlid` int(9) NOT NULL AUTO_INCREMENT,
  `msgpushsettingid` int(9) NOT NULL,
  `type` int(9) NOT NULL,
  `subtype` int(9) DEFAULT NULL,
  `msgprocessclassid` int(9) NOT NULL,
  PRIMARY KEY (`msgpushsettingdtlid`)
) ENGINE=InnoDB AUTO_INCREMENT=99 DEFAULT CHARSET=utf8;
/*!40101 SET character_set_client = @saved_cs_client */;

--
-- Dumping data for table `msg_pushsettingdtl`
--

LOCK TABLES `msg_pushsettingdtl` WRITE;
/*!40000 ALTER TABLE `msg_pushsettingdtl` DISABLE KEYS */;
INSERT INTO `msg_pushsettingdtl` VALUES (12,5,4,1,26),(13,5,4,3,32),(14,5,4,4,28),(15,6,4,1,26),(16,6,4,3,32),(17,6,4,4,28),(18,7,4,1,26),(19,7,4,3,32),(20,7,4,4,28),(21,8,4,1,26),(22,8,4,3,32),(23,8,4,4,28),(24,9,4,1,26),(25,9,4,3,32),(26,9,4,4,28),(27,10,4,1,26),(28,10,4,3,32),(29,10,4,4,28),(30,11,4,1,26),(31,11,4,3,32),(32,11,4,4,28),(33,12,4,1,26),(34,12,4,3,32),(35,12,4,4,28),(36,13,4,1,26),(37,13,4,3,32),(38,13,4,4,28),(39,14,4,1,26),(40,14,4,3,32),(41,14,4,4,28),(42,15,4,1,26),(43,15,4,3,32),(44,15,4,4,28),(45,16,4,1,26),(46,16,4,3,32),(47,16,4,4,28),(48,17,4,1,26),(49,17,4,3,32),(50,17,4,4,28),(51,18,4,1,26),(52,18,4,3,32),(53,18,4,4,28),(54,19,4,1,26),(55,19,4,3,32),(56,19,4,4,28),(60,20,4,1,26),(61,20,4,3,32),(62,20,4,4,28),(63,21,4,1,26),(64,21,4,3,32),(65,21,4,4,28),(66,22,4,1,26),(67,22,4,3,32),(68,22,4,4,28),(69,23,4,1,26),(70,23,4,3,32),(71,23,4,4,28),(72,55,4,1,26),(73,55,4,3,32),(74,55,4,4,28),(75,56,4,1,26),(76,56,4,3,32),(77,56,4,4,28),(78,57,4,1,26),(79,57,4,3,32),(80,57,4,4,28),(81,58,4,1,26),(82,58,4,3,32),(83,58,4,4,28),(87,62,4,1,26),(88,62,4,3,32),(89,62,4,4,28),(90,63,4,1,26),(91,63,4,3,32),(92,63,4,4,28),(93,64,4,1,26),(94,64,4,3,32),(95,64,4,4,28),(96,65,4,1,26),(97,65,4,3,32),(98,65,4,4,28);
/*!40000 ALTER TABLE `msg_pushsettingdtl` ENABLE KEYS */;
UNLOCK TABLES;

--
-- Table structure for table `platformmapping`
--

DROP TABLE IF EXISTS `platformmapping`;
/*!40101 SET @saved_cs_client     = @@character_set_client */;
/*!40101 SET character_set_client = utf8 */;
CREATE TABLE `platformmapping` (
  `platformmappingid` int(9) NOT NULL AUTO_INCREMENT,
  `fromplatform` int(9) NOT NULL,
  `toplatform` int(9) NOT NULL,
  PRIMARY KEY (`platformmappingid`)
) ENGINE=InnoDB AUTO_INCREMENT=6 DEFAULT CHARSET=utf8 COLLATE=utf8_bin;
/*!40101 SET character_set_client = @saved_cs_client */;

--
-- Dumping data for table `platformmapping`
--

LOCK TABLES `platformmapping` WRITE;
/*!40000 ALTER TABLE `platformmapping` DISABLE KEYS */;
INSERT INTO `platformmapping` VALUES (1,6,0),(2,17,0),(3,9,0),(4,8,0),(5,7,0);
/*!40000 ALTER TABLE `platformmapping` ENABLE KEYS */;
UNLOCK TABLES;
/*!40103 SET TIME_ZONE=@OLD_TIME_ZONE */;

/*!40101 SET SQL_MODE=@OLD_SQL_MODE */;
/*!40014 SET FOREIGN_KEY_CHECKS=@OLD_FOREIGN_KEY_CHECKS */;
/*!40014 SET UNIQUE_CHECKS=@OLD_UNIQUE_CHECKS */;
/*!40101 SET CHARACTER_SET_CLIENT=@OLD_CHARACTER_SET_CLIENT */;
/*!40101 SET CHARACTER_SET_RESULTS=@OLD_CHARACTER_SET_RESULTS */;
/*!40101 SET COLLATION_CONNECTION=@OLD_COLLATION_CONNECTION */;
/*!40111 SET SQL_NOTES=@OLD_SQL_NOTES */;

-- Dump completed on 2019-01-11 17:57:57
